NU_ANO_CENSO,CO_ENTIDADE,NO_ENTIDADE,CO_ORGAO_REGIONAL,TP_SITUACAO_FUNCIONAMENTO,DT_ANO_LETIVO_INICIO,DT_ANO_LETIVO_TERMINO,CO_REGIAO,CO_MESORREGIAO,CO_MICRORREGIAO,CO_UF,CO_MUNICIPIO,CO_DISTRITO,TP_DEPENDENCIA,TP_LOCALIZACAO,TP_CATEGORIA_ESCOLA_PRIVADA,IN_CONVENIADA_PP,TP_CONVENIO_PODER_PUBLICO,IN_MANT_ESCOLA_PRIVADA_EMP,IN_MANT_ESCOLA_PRIVADA_ONG,IN_MANT_ESCOLA_PRIVADA_SIND,IN_MANT_ESCOLA_PRIVADA_SIST_S,IN_MANT_ESCOLA_PRIVADA_S_FINS,CO_ESCOLA_SEDE_VINCULADA,CO_IES_OFERTANTE,TP_REGULAMENTACAO,IN_LOCAL_FUNC_PREDIO_ESCOLAR,TP_OCUPACAO_PREDIO_ESCOLAR,IN_LOCAL_FUNC_SALAS_EMPRESA,IN_LOCAL_FUNC_SOCIOEDUCATIVO,IN_LOCAL_FUNC_UNID_PRISIONAL,IN_LOCAL_FUNC_PRISIONAL_SOCIO,IN_LOCAL_FUNC_TEMPLO_IGREJA,IN_LOCAL_FUNC_CASA_PROFESSOR,IN_LOCAL_FUNC_GALPAO,TP_OCUPACAO_GALPAO,IN_LOCAL_FUNC_SALAS_OUTRA_ESC,IN_LOCAL_FUNC_OUTROS,IN_PREDIO_COMPARTILHADO,IN_AGUA_FILTRADA,IN_AGUA_REDE_PUBLICA,IN_AGUA_POCO_ARTESIANO,IN_AGUA_CACIMBA,IN_AGUA_FONTE_RIO,IN_AGUA_INEXISTENTE,IN_ENERGIA_REDE_PUBLICA,IN_ENERGIA_GERADOR,IN_ENERGIA_OUTROS,IN_ENERGIA_INEXISTENTE,IN_ESGOTO_REDE_PUBLICA,IN_ESGOTO_FOSSA,IN_ESGOTO_INEXISTENTE,IN_LIXO_COLETA_PERIODICA,IN_LIXO_QUEIMA,IN_LIXO_JOGA_OUTRA_AREA,IN_LIXO_RECICLA,IN_LIXO_ENTERRA,IN_LIXO_OUTROS,IN_SALA_DIRETORIA,IN_SALA_PROFESSOR,IN_LABORATORIO_INFORMATICA,IN_LABORATORIO_CIENCIAS,IN_SALA_ATENDIMENTO_ESPECIAL,IN_QUADRA_ESPORTES_COBERTA,IN_QUADRA_ESPORTES_DESCOBERTA,IN_QUADRA_ESPORTES,IN_COZINHA,IN_BIBLIOTECA,IN_SALA_LEITURA,IN_BIBLIOTECA_SALA_LEITURA,IN_PARQUE_INFANTIL,IN_BERCARIO,IN_BANHEIRO_FORA_PREDIO,IN_BANHEIRO_DENTRO_PREDIO,IN_BANHEIRO_EI,IN_BANHEIRO_PNE,IN_DEPENDENCIAS_PNE,IN_SECRETARIA,IN_BANHEIRO_CHUVEIRO,IN_REFEITORIO,IN_DESPENSA,IN_ALMOXARIFADO,IN_AUDITORIO,IN_PATIO_COBERTO,IN_PATIO_DESCOBERTO,IN_ALOJAM_ALUNO,IN_ALOJAM_PROFESSOR,IN_AREA_VERDE,IN_LAVANDERIA,IN_DEPENDENCIAS_OUTRAS,NU_SALAS_EXISTENTES,NU_SALAS_UTILIZADAS,IN_EQUIP_TV,IN_EQUIP_VIDEOCASSETE,IN_EQUIP_DVD,IN_EQUIP_PARABOLICA,IN_EQUIP_COPIADORA,IN_EQUIP_RETROPROJETOR,IN_EQUIP_IMPRESSORA,IN_EQUIP_IMPRESSORA_MULT,IN_EQUIP_SOM,IN_EQUIP_MULTIMIDIA,IN_EQUIP_FAX,IN_EQUIP_FOTO,IN_COMPUTADOR,NU_EQUIP_TV,NU_EQUIP_VIDEOCASSETE,NU_EQUIP_DVD,NU_EQUIP_PARABOLICA,NU_EQUIP_COPIADORA,NU_EQUIP_RETROPROJETOR,NU_EQUIP_IMPRESSORA,NU_EQUIP_IMPRESSORA_MULT,NU_EQUIP_SOM,NU_EQUIP_MULTIMIDIA,NU_EQUIP_FAX,NU_EQUIP_FOTO,NU_COMPUTADOR,NU_COMP_ADMINISTRATIVO,NU_COMP_ALUNO,IN_INTERNET,IN_BANDA_LARGA,NU_FUNCIONARIOS,IN_ALIMENTACAO,TP_AEE,TP_ATIVIDADE_COMPLEMENTAR,IN_FUNDAMENTAL_CICLOS,TP_LOCALIZACAO_DIFERENCIADA,IN_MATERIAL_ESP_QUILOMBOLA,IN_MATERIAL_ESP_INDIGENA,IN_MATERIAL_ESP_NAO_UTILIZA,IN_EDUCACAO_INDIGENA,TP_INDIGENA_LINGUA,CO_LINGUA_INDIGENA,IN_BRASIL_ALFABETIZADO,IN_FINAL_SEMANA,IN_FORMACAO_ALTERNANCIA,IN_MEDIACAO_PRESENCIAL,IN_MEDIACAO_SEMIPRESENCIAL,IN_MEDIACAO_EAD,IN_ESPECIAL_EXCLUSIVA,IN_REGULAR,IN_EJA,IN_PROFISSIONALIZANTE,IN_COMUM_CRECHE,IN_COMUM_PRE,IN_COMUM_FUND_AI,IN_COMUM_FUND_AF,IN_COMUM_MEDIO_MEDIO,IN_COMUM_MEDIO_INTEGRADO,IN_COMUM_MEDIO_NORMAL,IN_ESP_EXCLUSIVA_CRECHE,IN_ESP_EXCLUSIVA_PRE,IN_ESP_EXCLUSIVA_FUND_AI,IN_ESP_EXCLUSIVA_FUND_AF,IN_ESP_EXCLUSIVA_MEDIO_MEDIO,IN_ESP_EXCLUSIVA_MEDIO_INTEGR,IN_ESP_EXCLUSIVA_MEDIO_NORMAL,IN_COMUM_EJA_FUND,IN_COMUM_EJA_MEDIO,IN_COMUM_EJA_PROF,IN_ESP_EXCLUSIVA_EJA_FUND,IN_ESP_EXCLUSIVA_EJA_MEDIO,IN_ESP_EXCLUSIVA_EJA_PROF,IN_COMUM_PROF,IN_ESP_EXCLUSIVA_PROF
2017,23080256,EVANDRO AYRES DE MOURA EMEF,00001,1,06/02/2017,29/12/2017,2,2303,23016,23,2307650,230765005,3,1,,,,,,,,,,,1.0,1.0,1.0,0.0,0.0,0.0,0.0,0.0,0.0,0.0,,0.0,0.0,0.0,1.0,1.0,0.0,0.0,0.0,0.0,1.0,0.0,0.0,0.0,0.0,1.0,0.0,1.0,0.0,0.0,0.0,0.0,0.0,1.0,1.0,1.0,0.0,1.0,0.0,0.0,0.0,1.0,0.0,1.0,1.0,0.0,0.0,0.0,1.0,0.0,1.0,1.0,1.0,1.0,1.0,1.0,1.0,0.0,1.0,0.0,0.0,0.0,0.0,0.0,0.0,13.0,13.0,1.0,0.0,1.0,0.0,1.0,1.0,1.0,1.0,1.0,1.0,0.0,1.0,1.0,3.0,0.0,10.0,0.0,2.0,1.0,3.0,2.0,5.0,1.0,0.0,1.0,14.0,6.0,8.0,1.0,1.0,65.0,1.0,1.0,1.0,0.0,0.0,0.0,0.0,1.0,0.0,,,0.0,1.0,0.0,1.0,0.0,0.0,0.0,1.0,1.0,0.0,0.0,0.0,1.0,1.0,0.0,0.0,0.0,0.0,0.0,0.0,0.0,0.0,0.0,0.0,1.0,0.0,0.0,0.0,0.0,0.0,0.0,0.0
2017,23197510,CONSTRUINDO O SABER EMEIEF,00001,1,06/02/2017,29/12/2017,2,2303,23016,23,2307650,230765005,3,1,,,,,,,,,,,1.0,1.0,1.0,0.0,0.0,0.0,0.0,0.0,0.0,0.0,,0.0,0.0,0.0,1.0,1.0,0.0,0.0,0.0,0.0,1.0,0.0,0.0,0.0,1.0,0.0,0.0,1.0,0.0,0.0,0.0,0.0,0.0,1.0,1.0,1.0,0.0,1.0,1.0,0.0,1.0,1.0,0.0,1.0,1.0,0.0,0.0,0.0,1.0,1.0,1.0,1.0,1.0,1.0,0.0,1.0,1.0,0.0,1.0,0.0,0.0,0.0,0.0,0.0,0.0,11.0,11.0,1.0,0.0,1.0,0.0,1.0,1.0,1.0,1.0,1.0,1.0,0.0,1.0,1.0,2.0,0.0,1.0,0.0,2.0,1.0,4.0,2.0,3.0,2.0,0.0,1.0,12.0,3.0,10.0,1.0,1.0,40.0,1.0,1.0,1.0,0.0,0.0,0.0,0.0,1.0,0.0,,,0.0,0.0,0.0,1.0,0.0,0.0,0.0,1.0,0.0,0.0,0.0,0.0,1.0,1.0,0.0,0.0,0.0,0.0,0.0,0.0,0.0,0.0,0.0,0.0,0.0,0.0,0.0,0.0,0.0,0.0,0.0,0.0
2017,23564091,NOSSA SENHORA DE FATIMA CRECHE MUNICIPAL,00001,1,06/02/2017,05/01/2018,2,2303,23016,23,2307650,230765005,3,1,,,,,,,,,,,1.0,1.0,1.0,0.0,0.0,0.0,0.0,0.0,0.0,0.0,,0.0,0.0,0.0,1.0,1.0,0.0,0.0,0.0,0.0,1.0,0.0,0.0,0.0,1.0,0.0,0.0,1.0,0.0,0.0,0.0,0.0,0.0,1.0,0.0,0.0,0.0,0.0,0.0,0.0,0.0,1.0,0.0,0.0,0.0,1.0,0.0,0.0,1.0,1.0,0.0,0.0,0.0,1.0,1.0,1.0,1.0,0.0,1.0,1.0,0.0,0.0,1.0,1.0,0.0,2.0,2.0,1.0,0.0,1.0,0.0,0.0,0.0,0.0,1.0,1.0,0.0,0.0,1.0,1.0,3.0,0.0,1.0,0.0,0.0,0.0,0.0,1.0,2.0,0.0,0.0,1.0,1.0,1.0,0.0,1.0,1.0,11.0,1.0,0.0,0.0,0.0,0.0,0.0,0.0,1.0,0.0,,,0.0,0.0,0.0,1.0,0.0,0.0,0.0,1.0,0.0,0.0,1.0,0.0,0.0,0.0,0.0,0.0,0.0,0.0,0.0,0.0,0.0,0.0,0.0,0.0,0.0,0.0,0.0,0.0,0.0,0.0,0.0,0.0
2017,23270950,MARIA DO SOCORRO VIANA FREITAS PROFª EMEIEF,00001,1,06/02/2017,05/01/2018,2,2303,23016,23,2307650,230765005,3,1,,,,,,,,,,,1.0,1.0,2.0,0.0,0.0,0.0,0.0,0.0,0.0,0.0,,0.0,0.0,0.0,1.0,1.0,0.0,0.0,0.0,0.0,1.0,0.0,0.0,0.0,1.0,0.0,0.0,1.0,0.0,0.0,0.0,0.0,0.0,1.0,1.0,1.0,0.0,1.0,0.0,1.0,1.0,1.0,0.0,1.0,1.0,1.0,0.0,0.0,1.0,1.0,1.0,1.0,1.0,1.0,1.0,1.0,1.0,0.0,1.0,1.0,0.0,0.0,1.0,0.0,0.0,12.0,11.0,1.0,0.0,1.0,0.0,0.0,0.0,1.0,1.0,1.0,0.0,0.0,1.0,1.0,2.0,0.0,2.0,0.0,0.0,0.0,4.0,3.0,2.0,0.0,0.0,1.0,13.0,2.0,11.0,1.0,1.0,53.0,1.0,1.0,1.0,0.0,0.0,0.0,0.0,1.0,0.0,,,0.0,1.0,0.0,1.0,0.0,0.0,0.0,1.0,0.0,0.0,1.0,1.0,1.0,0.0,0.0,0.0,0.0,0.0,0.0,0.0,0.0,0.0,0.0,0.0,0.0,0.0,0.0,0.0,0.0,0.0,0.0,0.0
2017,23081660,VALDENIA ACELINO DA SILVA EMEF,00001,1,06/02/2017,22/12/2017,2,2303,23016,23,2307650,230765005,3,1,,,,,,,,,,,1.0,1.0,1.0,0.0,0.0,0.0,0.0,0.0,0.0,0.0,,0.0,0.0,0.0,1.0,1.0,0.0,0.0,0.0,0.0,1.0,0.0,0.0,0.0,0.0,1.0,0.0,1.0,0.0,0.0,0.0,0.0,0.0,1.0,1.0,1.0,0.0,1.0,0.0,0.0,0.0,1.0,0.0,1.0,1.0,1.0,0.0,0.0,1.0,0.0,1.0,1.0,1.0,1.0,0.0,1.0,0.0,0.0,1.0,0.0,0.0,0.0,0.0,0.0,0.0,8.0,8.0,1.0,0.0,1.0,0.0,1.0,0.0,0.0,1.0,1.0,1.0,1.0,0.0,1.0,6.0,0.0,4.0,0.0,1.0,0.0,0.0,3.0,5.0,1.0,1.0,0.0,25.0,4.0,16.0,1.0,1.0,52.0,1.0,1.0,1.0,0.0,0.0,0.0,0.0,1.0,0.0,,,0.0,1.0,0.0,1.0,0.0,0.0,0.0,1.0,1.0,0.0,0.0,0.0,0.0,1.0,0.0,0.0,0.0,0.0,0.0,0.0,0.0,0.0,0.0,0.0,1.0,0.0,0.0,0.0,0.0,0.0,0.0,0.0
2017,23080698,JOSE MARIO BARBOSA EMEIEF,00001,1,02/02/2017,05/01/2018,2,2303,23016,23,2307650,230765005,3,2,,,,,,,,,,,1.0,1.0,1.0,0.0,0.0,0.0,0.0,0.0,0.0,0.0,,0.0,0.0,0.0,1.0,1.0,0.0,0.0,0.0,0.0,1.0,0.0,0.0,0.0,0.0,1.0,0.0,1.0,0.0,0.0,0.0,0.0,0.0,1.0,1.0,1.0,0.0,1.0,1.0,0.0,1.0,1.0,1.0,1.0,1.0,1.0,0.0,0.0,1.0,1.0,1.0,1.0,1.0,1.0,0.0,1.0,0.0,0.0,1.0,0.0,0.0,0.0,0.0,0.0,0.0,8.0,8.0,1.0,0.0,1.0,0.0,1.0,0.0,0.0,1.0,1.0,1.0,0.0,1.0,1.0,3.0,0.0,1.0,0.0,1.0,0.0,0.0,4.0,1.0,2.0,0.0,1.0,6.0,3.0,3.0,1.0,1.0,52.0,1.0,1.0,0.0,0.0,0.0,0.0,0.0,1.0,0.0,,,0.0,0.0,0.0,1.0,0.0,0.0,0.0,1.0,0.0,0.0,0.0,0.0,1.0,1.0,0.0,0.0,0.0,0.0,0.0,0.0,0.0,0.0,0.0,0.0,0.0,0.0,0.0,0.0,0.0,0.0,0.0,0.0
2017,23197170,RACHEL DE QUEIROZ EMEIEF,00001,1,06/02/2017,29/12/2017,2,2303,23016,23,2307650,230765005,3,1,,,,,,,,,,,1.0,1.0,1.0,0.0,0.0,0.0,0.0,0.0,0.0,0.0,,0.0,0.0,0.0,1.0,1.0,0.0,0.0,0.0,0.0,1.0,0.0,0.0,0.0,1.0,0.0,0.0,1.0,0.0,0.0,0.0,0.0,0.0,1.0,1.0,1.0,0.0,1.0,1.0,0.0,1.0,1.0,1.0,0.0,1.0,0.0,0.0,0.0,1.0,0.0,1.0,1.0,1.0,1.0,0.0,1.0,1.0,0.0,1.0,0.0,0.0,0.0,1.0,0.0,0.0,11.0,11.0,1.0,0.0,1.0,0.0,1.0,1.0,1.0,1.0,1.0,1.0,0.0,1.0,1.0,5.0,0.0,4.0,0.0,1.0,2.0,5.0,1.0,5.0,3.0,0.0,2.0,11.0,5.0,6.0,1.0,1.0,48.0,1.0,1.0,1.0,0.0,0.0,0.0,0.0,1.0,0.0,,,0.0,0.0,0.0,1.0,0.0,0.0,0.0,1.0,0.0,0.0,0.0,0.0,0.0,1.0,0.0,0.0,0.0,0.0,0.0,0.0,0.0,0.0,0.0,0.0,0.0,0.0,0.0,0.0,0.0,0.0,0.0,0.0
2017,23223928,HERBERT JOSE DE SOUZA BETINHO EMEF,00001,1,06/02/2017,11/01/2018,2,2303,23016,23,2307650,230765005,3,1,,,,,,,,,,,1.0,1.0,1.0,0.0,0.0,0.0,0.0,0.0,0.0,0.0,,0.0,0.0,0.0,1.0,1.0,0.0,0.0,0.0,0.0,1.0,0.0,0.0,0.0,1.0,0.0,0.0,1.0,0.0,0.0,0.0,0.0,0.0,1.0,1.0,1.0,0.0,1.0,1.0,0.0,1.0,1.0,0.0,1.0,1.0,0.0,0.0,0.0,1.0,0.0,1.0,1.0,1.0,1.0,0.0,1.0,1.0,0.0,1.0,1.0,0.0,0.0,1.0,0.0,0.0,8.0,8.0,1.0,1.0,1.0,0.0,1.0,1.0,1.0,1.0,1.0,1.0,0.0,1.0,1.0,2.0,1.0,3.0,0.0,2.0,1.0,3.0,2.0,10.0,1.0,0.0,1.0,28.0,3.0,25.0,1.0,1.0,40.0,1.0,1.0,1.0,0.0,0.0,0.0,0.0,1.0,0.0,,,0.0,0.0,0.0,1.0,0.0,0.0,0.0,1.0,0.0,0.0,0.0,1.0,1.0,0.0,0.0,0.0,0.0,0.0,0.0,0.0,0.0,0.0,0.0,0.0,0.0,0.0,0.0,0.0,0.0,0.0,0.0,0.0
2017,23176962,MARIA DE LOURDES SILVA PROFª EMEF,00001,1,06/02/2017,29/12/2017,2,2303,23016,23,2307650,230765005,3,1,,,,,,,,,,,1.0,1.0,1.0,0.0,0.0,0.0,0.0,0.0,0.0,0.0,,0.0,0.0,0.0,1.0,1.0,0.0,0.0,0.0,0.0,1.0,0.0,0.0,0.0,0.0,1.0,0.0,1.0,0.0,0.0,0.0,0.0,0.0,1.0,1.0,1.0,0.0,1.0,1.0,0.0,1.0,1.0,1.0,1.0,1.0,1.0,0.0,1.0,1.0,0.0,1.0,1.0,1.0,1.0,0.0,1.0,1.0,0.0,1.0,1.0,0.0,0.0,1.0,0.0,0.0,12.0,12.0,1.0,0.0,1.0,0.0,1.0,1.0,1.0,0.0,1.0,1.0,1.0,1.0,1.0,2.0,0.0,1.0,0.0,2.0,1.0,3.0,0.0,2.0,1.0,1.0,1.0,15.0,6.0,9.0,1.0,1.0,60.0,1.0,1.0,0.0,0.0,0.0,0.0,0.0,1.0,0.0,,,0.0,1.0,0.0,1.0,0.0,0.0,0.0,1.0,0.0,0.0,0.0,0.0,1.0,1.0,0.0,0.0,0.0,0.0,0.0,0.0,0.0,0.0,0.0,0.0,0.0,0.0,0.0,0.0,0.0,0.0,0.0,0.0
2017,23222964,HEITOR VILLA LOBOS EMEIEF,00001,1,06/02/2017,08/01/2018,2,2303,23016,23,2307650,230765005,3,1,,,,,,,,,,,1.0,1.0,2.0,0.0,0.0,0.0,0.0,0.0,0.0,0.0,,0.0,0.0,0.0,1.0,1.0,0.0,0.0,0.0,0.0,1.0,0.0,0.0,0.0,0.0,1.0,0.0,1.0,0.0,0.0,0.0,0.0,0.0,1.0,1.0,1.0,0.0,1.0,0.0,0.0,0.0,1.0,0.0,1.0,1.0,0.0,0.0,1.0,1.0,1.0,1.0,1.0,1.0,1.0,0.0,1.0,0.0,0.0,0.0,1.0,0.0,0.0,0.0,0.0,0.0,11.0,11.0,1.0,0.0,1.0,0.0,1.0,0.0,1.0,1.0,1.0,1.0,0.0,1.0,1.0,4.0,0.0,3.0,0.0,1.0,0.0,2.0,2.0,10.0,1.0,0.0,2.0,13.0,6.0,7.0,1.0,1.0,52.0,1.0,1.0,1.0,0.0,0.0,0.0,0.0,1.0,0.0,,,0.0,0.0,0.0,1.0,0.0,0.0,0.0,1.0,0.0,0.0,1.0,1.0,1.0,0.0,0.0,0.0,0.0,0.0,0.0,0.0,0.0,0.0,0.0,0.0,0.0,0.0,0.0,0.0,0.0,0.0,0.0,0.0
2017,23232706,CARLOS DRUMMOND DE ANDRADE EMEIEF,00001,1,06/02/2017,04/01/2018,2,2303,23016,23,2307650,230765030,3,1,,,,,,,,,,,1.0,1.0,2.0,0.0,0.0,0.0,0.0,0.0,0.0,0.0,,0.0,0.0,0.0,1.0,1.0,0.0,0.0,0.0,0.0,1.0,0.0,0.0,0.0,0.0,1.0,0.0,1.0,0.0,0.0,0.0,0.0,0.0,1.0,1.0,0.0,0.0,0.0,0.0,0.0,0.0,1.0,1.0,1.0,1.0,0.0,0.0,0.0,1.0,1.0,1.0,1.0,1.0,1.0,0.0,1.0,0.0,0.0,1.0,0.0,0.0,0.0,0.0,0.0,0.0,12.0,12.0,1.0,0.0,1.0,0.0,1.0,1.0,1.0,0.0,1.0,1.0,0.0,1.0,1.0,3.0,0.0,2.0,0.0,1.0,1.0,3.0,0.0,4.0,1.0,0.0,1.0,4.0,4.0,0.0,1.0,1.0,39.0,1.0,0.0,1.0,0.0,0.0,0.0,0.0,1.0,0.0,,,0.0,0.0,0.0,1.0,0.0,0.0,0.0,1.0,0.0,0.0,0.0,1.0,1.0,0.0,0.0,0.0,0.0,0.0,0.0,0.0,0.0,0.0,0.0,0.0,0.0,0.0,0.0,0.0,0.0,0.0,0.0,0.0
2017,23270942,FRANCISCO OSCAR RODRIGUES PROFº EMEIEF,00001,1,06/02/2017,05/01/2018,2,2303,23016,23,2307650,230765030,3,1,,,,,,,,,,,1.0,1.0,2.0,0.0,0.0,0.0,0.0,0.0,0.0,0.0,,0.0,0.0,0.0,1.0,1.0,0.0,0.0,0.0,0.0,1.0,0.0,0.0,0.0,0.0,1.0,0.0,1.0,0.0,0.0,0.0,0.0,0.0,1.0,1.0,1.0,0.0,0.0,0.0,0.0,0.0,1.0,0.0,1.0,1.0,0.0,0.0,0.0,1.0,1.0,1.0,1.0,1.0,1.0,0.0,1.0,0.0,0.0,1.0,1.0,0.0,0.0,0.0,0.0,0.0,7.0,6.0,1.0,0.0,1.0,0.0,0.0,1.0,1.0,0.0,1.0,1.0,0.0,0.0,1.0,2.0,0.0,3.0,0.0,0.0,1.0,2.0,0.0,3.0,1.0,0.0,0.0,17.0,2.0,15.0,1.0,0.0,26.0,1.0,0.0,1.0,0.0,0.0,0.0,0.0,1.0,0.0,,,0.0,1.0,0.0,1.0,0.0,0.0,0.0,1.0,0.0,0.0,0.0,1.0,1.0,0.0,0.0,0.0,0.0,0.0,0.0,0.0,0.0,0.0,0.0,0.0,0.0,0.0,0.0,0.0,0.0,0.0,0.0,0.0
2017,23225394,MARIA MARQUES DO NASCIMENTO EMEIEF,00001,1,06/02/2017,04/01/2018,2,2303,23016,23,2307650,230765005,3,1,,,,,,,,,,,1.0,1.0,3.0,0.0,0.0,0.0,0.0,0.0,0.0,0.0,,0.0,0.0,0.0,1.0,1.0,0.0,0.0,0.0,0.0,1.0,0.0,0.0,0.0,0.0,1.0,0.0,1.0,0.0,0.0,0.0,0.0,0.0,1.0,0.0,1.0,0.0,1.0,0.0,0.0,0.0,1.0,0.0,0.0,0.0,0.0,0.0,0.0,1.0,1.0,1.0,0.0,0.0,1.0,0.0,1.0,0.0,0.0,0.0,0.0,0.0,0.0,0.0,0.0,0.0,8.0,8.0,1.0,1.0,1.0,1.0,0.0,0.0,1.0,1.0,1.0,0.0,0.0,0.0,1.0,1.0,2.0,1.0,1.0,0.0,0.0,6.0,2.0,1.0,0.0,0.0,0.0,39.0,3.0,18.0,1.0,1.0,45.0,1.0,1.0,1.0,0.0,0.0,0.0,0.0,1.0,0.0,,,0.0,0.0,0.0,1.0,0.0,0.0,0.0,1.0,1.0,0.0,0.0,1.0,1.0,0.0,0.0,0.0,0.0,0.0,0.0,0.0,0.0,0.0,0.0,0.0,1.0,0.0,0.0,0.0,0.0,0.0,0.0,0.0
2017,23080949,MANOEL MOREIRA LIMA EMEIEF,00001,1,06/01/2017,11/01/2018,2,2303,23016,23,2307650,230765005,3,1,,,,,,,,,,,1.0,1.0,1.0,0.0,0.0,0.0,0.0,0.0,0.0,0.0,,0.0,1.0,0.0,1.0,1.0,0.0,0.0,0.0,0.0,1.0,0.0,0.0,0.0,1.0,0.0,0.0,1.0,0.0,0.0,0.0,0.0,0.0,1.0,1.0,1.0,0.0,1.0,1.0,0.0,1.0,1.0,0.0,1.0,1.0,1.0,0.0,0.0,1.0,0.0,1.0,1.0,1.0,1.0,0.0,1.0,1.0,0.0,1.0,0.0,0.0,0.0,1.0,0.0,0.0,13.0,13.0,1.0,0.0,1.0,0.0,1.0,1.0,1.0,1.0,1.0,1.0,0.0,1.0,1.0,1.0,0.0,6.0,0.0,1.0,2.0,3.0,1.0,10.0,1.0,0.0,3.0,10.0,3.0,9.0,1.0,1.0,60.0,1.0,1.0,1.0,1.0,0.0,0.0,0.0,1.0,0.0,,,0.0,0.0,0.0,1.0,0.0,0.0,0.0,1.0,1.0,0.0,1.0,1.0,1.0,1.0,0.0,0.0,0.0,0.0,0.0,0.0,0.0,0.0,0.0,0.0,1.0,0.0,0.0,0.0,0.0,0.0,0.0,0.0
2017,23080590,JOSE ASSIS DE OLIVEIRA EMEIEF,00001,1,06/02/2017,05/01/2018,2,2303,23016,23,2307650,230765005,3,1,,,,,,,,,,,1.0,1.0,1.0,0.0,0.0,0.0,0.0,0.0,0.0,0.0,,0.0,1.0,0.0,1.0,1.0,0.0,0.0,0.0,0.0,1.0,0.0,0.0,0.0,0.0,1.0,0.0,1.0,0.0,0.0,0.0,0.0,0.0,1.0,1.0,1.0,0.0,1.0,1.0,0.0,1.0,1.0,0.0,1.0,1.0,0.0,0.0,0.0,1.0,1.0,1.0,1.0,1.0,1.0,0.0,1.0,1.0,0.0,1.0,0.0,0.0,0.0,1.0,0.0,0.0,23.0,23.0,1.0,0.0,1.0,0.0,1.0,1.0,1.0,0.0,1.0,1.0,0.0,1.0,1.0,3.0,0.0,3.0,0.0,1.0,1.0,3.0,0.0,5.0,1.0,0.0,1.0,20.0,9.0,11.0,1.0,1.0,85.0,1.0,1.0,1.0,0.0,0.0,0.0,0.0,1.0,0.0,,,0.0,1.0,0.0,1.0,0.0,0.0,0.0,1.0,1.0,0.0,1.0,1.0,1.0,1.0,0.0,0.0,0.0,0.0,0.0,0.0,0.0,0.0,0.0,0.0,1.0,0.0,0.0,0.0,0.0,0.0,0.0,0.0
2017,23079622,ANTONIO GONDIM DE LIMA EMEIEF,00001,1,06/02/2017,11/01/2018,2,2303,23016,23,2307650,230765005,3,1,,,,,,,,,,,1.0,1.0,3.0,0.0,0.0,0.0,0.0,0.0,0.0,0.0,,0.0,0.0,0.0,1.0,1.0,0.0,0.0,0.0,0.0,1.0,0.0,0.0,0.0,1.0,0.0,0.0,1.0,0.0,0.0,0.0,0.0,0.0,1.0,1.0,1.0,0.0,0.0,0.0,1.0,1.0,1.0,1.0,1.0,1.0,0.0,0.0,0.0,1.0,1.0,1.0,1.0,1.0,1.0,0.0,1.0,1.0,0.0,1.0,1.0,0.0,0.0,1.0,0.0,0.0,11.0,11.0,1.0,0.0,1.0,0.0,1.0,0.0,1.0,1.0,1.0,1.0,0.0,1.0,1.0,1.0,0.0,1.0,0.0,2.0,0.0,4.0,1.0,1.0,1.0,0.0,1.0,36.0,2.0,8.0,1.0,1.0,50.0,1.0,0.0,1.0,1.0,0.0,0.0,0.0,1.0,0.0,,,1.0,0.0,0.0,1.0,0.0,0.0,0.0,1.0,1.0,0.0,0.0,0.0,1.0,1.0,0.0,0.0,0.0,0.0,0.0,0.0,0.0,0.0,0.0,0.0,1.0,0.0,0.0,0.0,0.0,0.0,0.0,0.0
2017,23080302,FRANCISCO BARBOSA COMISSARIO EMEIEF,00001,1,06/02/2017,29/12/2017,2,2303,23016,23,2307650,230765005,3,1,,,,,,,,,,,1.0,1.0,1.0,0.0,0.0,0.0,0.0,0.0,0.0,0.0,,0.0,0.0,0.0,1.0,1.0,0.0,0.0,0.0,0.0,1.0,0.0,0.0,0.0,1.0,0.0,0.0,1.0,0.0,0.0,0.0,0.0,0.0,1.0,1.0,1.0,1.0,1.0,1.0,0.0,1.0,1.0,1.0,0.0,1.0,1.0,0.0,0.0,1.0,0.0,1.0,1.0,1.0,1.0,1.0,1.0,1.0,0.0,1.0,0.0,0.0,0.0,1.0,0.0,0.0,16.0,16.0,1.0,0.0,1.0,0.0,1.0,1.0,1.0,1.0,1.0,1.0,0.0,1.0,1.0,11.0,0.0,1.0,0.0,1.0,1.0,1.0,1.0,1.0,1.0,0.0,1.0,13.0,3.0,10.0,1.0,1.0,68.0,1.0,1.0,1.0,0.0,0.0,0.0,0.0,1.0,0.0,,,0.0,1.0,0.0,1.0,0.0,0.0,0.0,1.0,0.0,0.0,0.0,0.0,1.0,1.0,0.0,0.0,0.0,0.0,0.0,0.0,0.0,0.0,0.0,0.0,0.0,0.0,0.0,0.0,0.0,0.0,0.0,0.0
2017,23176946,CENTRO DE EDUCACAO DE JOVENS E ADULTOS DA PAJUCARA,00001,1,02/01/2017,31/12/2017,2,2303,23016,23,2307650,230765030,3,1,,,,,,,,,,,1.0,1.0,2.0,0.0,0.0,0.0,0.0,0.0,0.0,0.0,,0.0,0.0,0.0,1.0,1.0,0.0,0.0,0.0,0.0,1.0,0.0,0.0,0.0,1.0,0.0,0.0,1.0,0.0,0.0,0.0,0.0,0.0,1.0,1.0,1.0,0.0,0.0,0.0,0.0,0.0,1.0,0.0,1.0,1.0,0.0,0.0,1.0,1.0,0.0,0.0,0.0,1.0,1.0,0.0,1.0,1.0,1.0,1.0,1.0,0.0,0.0,0.0,0.0,0.0,4.0,4.0,1.0,1.0,1.0,0.0,0.0,1.0,1.0,1.0,1.0,0.0,0.0,1.0,1.0,1.0,1.0,1.0,0.0,0.0,1.0,3.0,1.0,2.0,0.0,0.0,1.0,20.0,2.0,18.0,0.0,0.0,28.0,1.0,0.0,0.0,,0.0,0.0,0.0,1.0,0.0,,,0.0,0.0,0.0,0.0,1.0,0.0,0.0,0.0,1.0,0.0,0.0,0.0,0.0,0.0,0.0,0.0,0.0,0.0,0.0,0.0,0.0,0.0,0.0,0.0,1.0,1.0,0.0,0.0,0.0,0.0,0.0,0.0
2017,23212454,ELIAS SILVA OLIVEIRA EMEIEF,00001,1,06/02/2017,05/01/2018,2,2303,23016,23,2307650,230765005,3,1,,,,,,,,,,,1.0,1.0,2.0,0.0,0.0,0.0,0.0,0.0,0.0,0.0,,0.0,0.0,0.0,1.0,1.0,0.0,0.0,0.0,0.0,1.0,0.0,0.0,0.0,0.0,1.0,0.0,1.0,0.0,0.0,0.0,0.0,0.0,0.0,1.0,1.0,0.0,0.0,0.0,0.0,0.0,1.0,0.0,0.0,0.0,0.0,0.0,0.0,1.0,1.0,1.0,0.0,1.0,1.0,0.0,1.0,1.0,0.0,1.0,1.0,0.0,0.0,0.0,0.0,0.0,8.0,8.0,1.0,0.0,1.0,0.0,1.0,0.0,1.0,1.0,1.0,1.0,0.0,1.0,1.0,2.0,0.0,2.0,0.0,1.0,0.0,1.0,1.0,3.0,1.0,0.0,7.0,7.0,1.0,7.0,1.0,1.0,34.0,1.0,0.0,1.0,0.0,0.0,0.0,0.0,1.0,0.0,,,0.0,0.0,0.0,1.0,0.0,0.0,0.0,1.0,0.0,0.0,0.0,1.0,1.0,0.0,0.0,0.0,0.0,0.0,0.0,0.0,0.0,0.0,0.0,0.0,0.0,0.0,0.0,0.0,0.0,0.0,0.0,0.0
2017,23081139,MIRIAN PORTO MOTA CRECHE MUNICIPAL,00001,1,06/02/2017,05/01/2018,2,2303,23016,23,2307650,230765005,3,1,,,,,,,,,,,1.0,1.0,3.0,0.0,0.0,0.0,0.0,0.0,0.0,0.0,,0.0,0.0,0.0,1.0,1.0,0.0,0.0,0.0,0.0,1.0,0.0,0.0,0.0,1.0,0.0,0.0,1.0,0.0,0.0,0.0,0.0,0.0,1.0,1.0,0.0,0.0,0.0,0.0,0.0,0.0,1.0,0.0,0.0,0.0,1.0,1.0,0.0,1.0,1.0,0.0,0.0,1.0,1.0,1.0,1.0,1.0,0.0,1.0,1.0,0.0,0.0,1.0,1.0,0.0,6.0,6.0,1.0,0.0,1.0,0.0,0.0,0.0,0.0,1.0,1.0,0.0,0.0,0.0,1.0,3.0,0.0,2.0,0.0,0.0,0.0,0.0,1.0,1.0,0.0,0.0,0.0,2.0,2.0,0.0,1.0,1.0,42.0,1.0,0.0,0.0,0.0,0.0,0.0,0.0,1.0,0.0,,,0.0,0.0,0.0,1.0,0.0,0.0,0.0,1.0,0.0,0.0,1.0,0.0,0.0,0.0,0.0,0.0,0.0,0.0,0.0,0.0,0.0,0.0,0.0,0.0,0.0,0.0,0.0,0.0,0.0,0.0,0.0,0.0
2017,23234563,HELDER PESSOA CAMARA DOM EMEIEF,00001,1,06/02/2017,04/01/2018,2,2303,23016,23,2307650,230765005,3,1,,,,,,,,,,,1.0,1.0,2.0,0.0,0.0,0.0,0.0,0.0,0.0,0.0,,0.0,0.0,0.0,1.0,1.0,0.0,0.0,0.0,0.0,1.0,0.0,0.0,0.0,0.0,1.0,0.0,1.0,0.0,0.0,0.0,0.0,0.0,1.0,1.0,1.0,0.0,0.0,0.0,0.0,0.0,1.0,1.0,1.0,1.0,0.0,0.0,0.0,1.0,1.0,1.0,1.0,1.0,1.0,0.0,1.0,1.0,0.0,0.0,1.0,0.0,0.0,0.0,0.0,0.0,7.0,7.0,1.0,0.0,1.0,0.0,1.0,0.0,0.0,1.0,1.0,1.0,0.0,1.0,1.0,4.0,0.0,4.0,0.0,2.0,0.0,0.0,2.0,7.0,1.0,0.0,1.0,11.0,2.0,9.0,1.0,1.0,57.0,1.0,0.0,1.0,0.0,0.0,0.0,0.0,1.0,0.0,,,0.0,0.0,0.0,1.0,0.0,0.0,0.0,1.0,1.0,0.0,1.0,1.0,1.0,0.0,0.0,0.0,0.0,0.0,0.0,0.0,0.0,0.0,0.0,0.0,1.0,0.0,0.0,0.0,0.0,0.0,0.0,0.0
2017,23080809,LICEU DE MARACANAU EMEF,00001,1,06/02/2017,08/01/2018,2,2303,23016,23,2307650,230765005,3,1,,,,,,,,,,,1.0,1.0,1.0,0.0,0.0,0.0,0.0,0.0,0.0,0.0,,0.0,0.0,0.0,1.0,1.0,0.0,1.0,0.0,0.0,1.0,0.0,0.0,0.0,0.0,1.0,0.0,1.0,0.0,0.0,0.0,0.0,0.0,1.0,1.0,1.0,0.0,0.0,1.0,0.0,1.0,1.0,1.0,1.0,1.0,0.0,0.0,0.0,1.0,0.0,1.0,1.0,1.0,1.0,0.0,1.0,1.0,0.0,1.0,0.0,0.0,0.0,1.0,0.0,0.0,15.0,15.0,1.0,0.0,1.0,1.0,1.0,0.0,1.0,1.0,1.0,1.0,0.0,1.0,1.0,5.0,0.0,5.0,1.0,2.0,0.0,1.0,3.0,4.0,2.0,0.0,1.0,18.0,5.0,14.0,1.0,1.0,58.0,1.0,0.0,1.0,0.0,0.0,0.0,0.0,1.0,0.0,,,0.0,1.0,0.0,1.0,0.0,0.0,0.0,1.0,0.0,0.0,0.0,0.0,0.0,1.0,0.0,0.0,0.0,0.0,0.0,0.0,0.0,0.0,0.0,0.0,0.0,0.0,0.0,0.0,0.0,0.0,0.0,0.0
2017,23081643,ULYSSES GUIMARAES DEPUTADO EMEF,00001,1,06/02/2017,29/12/2017,2,2303,23016,23,2307650,230765005,3,1,,,,,,,,,,,1.0,1.0,1.0,0.0,0.0,0.0,0.0,0.0,0.0,0.0,,0.0,0.0,0.0,1.0,1.0,0.0,0.0,0.0,0.0,1.0,0.0,0.0,0.0,1.0,0.0,0.0,1.0,0.0,0.0,0.0,0.0,0.0,1.0,1.0,0.0,0.0,1.0,1.0,0.0,1.0,1.0,0.0,1.0,1.0,0.0,0.0,0.0,1.0,0.0,1.0,1.0,1.0,1.0,0.0,1.0,1.0,0.0,1.0,0.0,0.0,0.0,0.0,0.0,0.0,10.0,10.0,1.0,1.0,1.0,1.0,1.0,1.0,1.0,1.0,1.0,1.0,0.0,1.0,1.0,1.0,2.0,1.0,1.0,1.0,1.0,1.0,2.0,5.0,2.0,0.0,2.0,10.0,2.0,8.0,1.0,1.0,56.0,1.0,1.0,1.0,0.0,0.0,0.0,0.0,1.0,0.0,,,0.0,0.0,0.0,1.0,0.0,0.0,0.0,1.0,1.0,0.0,0.0,0.0,1.0,1.0,0.0,0.0,0.0,0.0,0.0,0.0,0.0,0.0,0.0,0.0,1.0,0.0,0.0,0.0,0.0,0.0,0.0,0.0
2017,23079789,BRAZ RIBEIRO DA SILVA EMEF,00001,1,06/02/2017,29/12/2017,2,2303,23016,23,2307650,230765005,3,1,,,,,,,,,,,1.0,1.0,1.0,0.0,0.0,0.0,0.0,0.0,0.0,0.0,,0.0,0.0,0.0,1.0,1.0,0.0,0.0,0.0,0.0,1.0,0.0,0.0,0.0,1.0,0.0,0.0,1.0,0.0,0.0,0.0,0.0,0.0,1.0,1.0,0.0,0.0,1.0,0.0,0.0,0.0,1.0,1.0,0.0,1.0,0.0,0.0,0.0,1.0,0.0,1.0,0.0,1.0,1.0,0.0,1.0,1.0,0.0,1.0,0.0,0.0,0.0,0.0,0.0,0.0,9.0,9.0,1.0,0.0,1.0,0.0,1.0,0.0,1.0,0.0,1.0,1.0,0.0,1.0,1.0,2.0,0.0,2.0,0.0,1.0,0.0,2.0,0.0,2.0,1.0,0.0,1.0,2.0,2.0,0.0,0.0,0.0,36.0,1.0,1.0,1.0,0.0,0.0,0.0,0.0,1.0,0.0,,,0.0,0.0,0.0,1.0,0.0,0.0,0.0,1.0,0.0,0.0,0.0,0.0,1.0,1.0,0.0,0.0,0.0,0.0,0.0,0.0,0.0,0.0,0.0,0.0,0.0,0.0,0.0,0.0,0.0,0.0,0.0,0.0
2017,23081201,NORBERTO ALVES BATALHA EMEIEF,00001,1,06/02/2017,05/01/2018,2,2303,23016,23,2307650,230765005,3,1,,,,,,,,,,,1.0,1.0,1.0,0.0,0.0,0.0,0.0,0.0,0.0,0.0,,0.0,0.0,0.0,1.0,1.0,0.0,0.0,0.0,0.0,1.0,0.0,0.0,0.0,0.0,1.0,0.0,1.0,0.0,0.0,0.0,0.0,0.0,1.0,1.0,0.0,0.0,0.0,0.0,0.0,0.0,1.0,0.0,1.0,1.0,1.0,0.0,0.0,1.0,1.0,1.0,1.0,1.0,1.0,0.0,1.0,1.0,0.0,1.0,0.0,0.0,0.0,0.0,0.0,0.0,8.0,8.0,1.0,0.0,1.0,0.0,1.0,0.0,1.0,1.0,1.0,1.0,0.0,1.0,1.0,3.0,0.0,3.0,0.0,2.0,0.0,1.0,2.0,3.0,1.0,0.0,2.0,10.0,2.0,0.0,1.0,1.0,56.0,1.0,0.0,1.0,0.0,0.0,0.0,0.0,1.0,0.0,,,0.0,0.0,0.0,1.0,0.0,0.0,0.0,1.0,1.0,0.0,0.0,1.0,1.0,1.0,0.0,0.0,0.0,0.0,0.0,0.0,0.0,0.0,0.0,0.0,1.0,0.0,0.0,0.0,0.0,0.0,0.0,0.0
2017,23242655,MARIO COVAS GOV EMEIEF,00001,1,06/02/2016,05/01/2018,2,2303,23016,23,2307650,230765005,3,1,,,,,,,,,,,1.0,1.0,2.0,0.0,0.0,0.0,0.0,0.0,0.0,0.0,,0.0,0.0,0.0,1.0,1.0,0.0,0.0,0.0,0.0,1.0,0.0,0.0,0.0,1.0,0.0,0.0,1.0,0.0,0.0,0.0,0.0,0.0,1.0,1.0,1.0,0.0,1.0,1.0,0.0,1.0,1.0,0.0,1.0,1.0,0.0,0.0,0.0,1.0,1.0,1.0,1.0,1.0,1.0,0.0,1.0,0.0,1.0,1.0,1.0,0.0,0.0,0.0,0.0,0.0,11.0,11.0,1.0,0.0,1.0,0.0,0.0,0.0,1.0,1.0,1.0,1.0,0.0,1.0,1.0,4.0,0.0,4.0,0.0,0.0,0.0,4.0,2.0,10.0,1.0,0.0,1.0,20.0,1.0,19.0,1.0,1.0,40.0,1.0,1.0,1.0,0.0,0.0,0.0,0.0,1.0,0.0,,,0.0,1.0,0.0,1.0,0.0,0.0,0.0,1.0,0.0,0.0,1.0,1.0,1.0,0.0,0.0,0.0,0.0,0.0,0.0,0.0,0.0,0.0,0.0,0.0,0.0,0.0,0.0,0.0,0.0,0.0,0.0,0.0
2017,23223065,VINICIUS DE MORAIS EMEF,00001,1,06/02/2017,29/12/2017,2,2303,23016,23,2307650,230765005,3,1,,,,,,,,,,,1.0,1.0,1.0,0.0,0.0,0.0,0.0,0.0,0.0,0.0,,0.0,0.0,0.0,1.0,1.0,0.0,0.0,0.0,0.0,1.0,0.0,0.0,0.0,0.0,1.0,0.0,1.0,0.0,0.0,0.0,0.0,0.0,1.0,1.0,1.0,0.0,1.0,1.0,0.0,1.0,1.0,0.0,1.0,1.0,0.0,0.0,0.0,1.0,0.0,1.0,1.0,1.0,1.0,0.0,1.0,0.0,0.0,1.0,0.0,0.0,0.0,0.0,0.0,0.0,6.0,6.0,1.0,1.0,1.0,0.0,1.0,1.0,1.0,1.0,1.0,1.0,0.0,1.0,1.0,4.0,1.0,1.0,0.0,1.0,1.0,3.0,3.0,2.0,1.0,0.0,1.0,7.0,3.0,5.0,1.0,1.0,34.0,1.0,1.0,1.0,0.0,0.0,0.0,0.0,1.0,0.0,,,0.0,0.0,0.0,1.0,0.0,0.0,0.0,1.0,1.0,0.0,1.0,1.0,1.0,0.0,0.0,0.0,0.0,0.0,0.0,0.0,0.0,0.0,0.0,0.0,1.0,0.0,0.0,0.0,0.0,0.0,0.0,0.0
2017,23222883,OSMIRA EDUARDO DE CASTRO CRECHE MUNICIPAL,00001,1,06/02/2017,08/01/2018,2,2303,23016,23,2307650,230765005,3,1,,,,,,,,,,,1.0,1.0,3.0,0.0,0.0,0.0,0.0,0.0,0.0,0.0,,0.0,0.0,0.0,1.0,1.0,0.0,0.0,0.0,0.0,1.0,0.0,0.0,0.0,1.0,0.0,0.0,1.0,0.0,0.0,0.0,0.0,0.0,1.0,1.0,0.0,0.0,0.0,0.0,0.0,0.0,1.0,0.0,0.0,0.0,0.0,1.0,0.0,1.0,0.0,0.0,1.0,0.0,1.0,1.0,1.0,1.0,0.0,1.0,1.0,0.0,0.0,0.0,1.0,0.0,6.0,6.0,1.0,1.0,1.0,0.0,1.0,0.0,1.0,0.0,1.0,0.0,0.0,0.0,1.0,5.0,1.0,1.0,0.0,1.0,0.0,1.0,0.0,1.0,0.0,0.0,0.0,1.0,1.0,0.0,0.0,0.0,39.0,1.0,0.0,0.0,0.0,0.0,0.0,0.0,1.0,0.0,,,0.0,0.0,0.0,1.0,0.0,0.0,0.0,1.0,0.0,0.0,1.0,0.0,0.0,0.0,0.0,0.0,0.0,0.0,0.0,0.0,0.0,0.0,0.0,0.0,0.0,0.0,0.0,0.0,0.0,0.0,0.0,0.0
2017,23197269,PENSANDO E CONSTRUINDO EMEF,00001,1,06/02/2017,29/12/2017,2,2303,23016,23,2307650,230765005,3,1,,,,,,,,,,,1.0,1.0,2.0,0.0,0.0,0.0,0.0,0.0,0.0,0.0,,0.0,0.0,0.0,1.0,1.0,0.0,0.0,0.0,0.0,1.0,0.0,0.0,0.0,0.0,1.0,0.0,1.0,0.0,0.0,0.0,0.0,0.0,1.0,1.0,1.0,0.0,1.0,0.0,1.0,1.0,1.0,1.0,0.0,1.0,0.0,0.0,0.0,1.0,0.0,1.0,1.0,1.0,1.0,0.0,0.0,1.0,0.0,0.0,1.0,0.0,0.0,0.0,0.0,0.0,15.0,15.0,1.0,0.0,1.0,0.0,0.0,1.0,1.0,0.0,1.0,1.0,0.0,1.0,1.0,2.0,0.0,1.0,0.0,0.0,1.0,2.0,0.0,3.0,1.0,0.0,1.0,7.0,1.0,6.0,1.0,1.0,39.0,1.0,1.0,1.0,0.0,0.0,0.0,0.0,1.0,0.0,,,0.0,0.0,0.0,1.0,0.0,0.0,0.0,1.0,0.0,0.0,0.0,0.0,1.0,1.0,0.0,0.0,0.0,0.0,0.0,0.0,0.0,0.0,0.0,0.0,0.0,0.0,0.0,0.0,0.0,0.0,0.0,0.0
2017,23265132,ELSA MARIA LAUREANO PEREIRA CENTRO DE EDUCACAO INFANTIL,00001,1,06/02/2017,05/01/2018,2,2303,23016,23,2307650,230765005,3,1,,,,,,,,,,,2.0,1.0,1.0,0.0,0.0,0.0,0.0,0.0,0.0,0.0,,0.0,0.0,0.0,1.0,1.0,0.0,0.0,0.0,0.0,1.0,0.0,0.0,0.0,1.0,0.0,0.0,1.0,0.0,0.0,0.0,0.0,0.0,1.0,1.0,0.0,0.0,0.0,0.0,0.0,0.0,1.0,0.0,0.0,0.0,1.0,1.0,0.0,1.0,1.0,1.0,1.0,1.0,1.0,1.0,1.0,1.0,0.0,1.0,1.0,0.0,0.0,1.0,1.0,0.0,10.0,9.0,1.0,0.0,1.0,0.0,0.0,0.0,0.0,0.0,0.0,0.0,0.0,0.0,1.0,2.0,0.0,1.0,0.0,0.0,0.0,0.0,0.0,0.0,0.0,0.0,0.0,1.0,1.0,0.0,0.0,0.0,39.0,1.0,0.0,0.0,0.0,0.0,0.0,0.0,1.0,0.0,,,0.0,0.0,0.0,1.0,0.0,0.0,0.0,1.0,0.0,0.0,1.0,1.0,0.0,0.0,0.0,0.0,0.0,0.0,0.0,0.0,0.0,0.0,0.0,0.0,0.0,0.0,0.0,0.0,0.0,0.0,0.0,0.0
2017,23270934,NARCISO PESSOA DE ARAUJO EMEIEF,00001,1,06/02/2017,11/01/2018,2,2303,23016,23,2307650,230765005,3,1,,,,,,,,,,,1.0,1.0,1.0,0.0,0.0,0.0,0.0,0.0,0.0,0.0,,0.0,0.0,0.0,1.0,1.0,0.0,0.0,0.0,0.0,1.0,0.0,0.0,0.0,1.0,0.0,0.0,1.0,0.0,0.0,0.0,0.0,0.0,1.0,1.0,1.0,0.0,1.0,1.0,0.0,1.0,1.0,0.0,1.0,1.0,1.0,0.0,0.0,1.0,1.0,1.0,1.0,1.0,1.0,1.0,1.0,1.0,0.0,1.0,1.0,0.0,0.0,1.0,0.0,0.0,14.0,14.0,1.0,0.0,1.0,1.0,1.0,1.0,1.0,1.0,1.0,1.0,0.0,0.0,1.0,2.0,0.0,3.0,1.0,2.0,1.0,3.0,2.0,2.0,1.0,0.0,0.0,7.0,3.0,4.0,1.0,1.0,60.0,1.0,1.0,1.0,0.0,0.0,0.0,0.0,1.0,0.0,,,0.0,0.0,0.0,1.0,0.0,0.0,0.0,1.0,1.0,0.0,0.0,1.0,1.0,0.0,0.0,0.0,0.0,0.0,0.0,0.0,0.0,0.0,0.0,0.0,1.0,0.0,0.0,0.0,0.0,0.0,0.0,0.0
2017,23564105,MARIA JOSE HOLANDA DO VALE PROF EMEIEF,00001,1,06/02/2017,05/01/2018,2,2303,23016,23,2307650,230765005,3,1,,,,,,,,,,,1.0,1.0,2.0,0.0,0.0,0.0,0.0,0.0,0.0,0.0,,0.0,0.0,0.0,1.0,1.0,0.0,0.0,0.0,0.0,1.0,0.0,0.0,0.0,0.0,1.0,0.0,1.0,0.0,0.0,0.0,0.0,0.0,1.0,1.0,0.0,0.0,0.0,0.0,0.0,0.0,1.0,0.0,0.0,0.0,0.0,0.0,0.0,1.0,1.0,1.0,0.0,0.0,1.0,0.0,1.0,1.0,0.0,1.0,0.0,0.0,0.0,0.0,0.0,0.0,5.0,5.0,0.0,0.0,0.0,0.0,0.0,0.0,0.0,1.0,1.0,0.0,0.0,0.0,1.0,0.0,0.0,0.0,0.0,0.0,0.0,0.0,1.0,1.0,0.0,0.0,0.0,1.0,1.0,0.0,1.0,1.0,14.0,1.0,0.0,0.0,0.0,0.0,0.0,0.0,1.0,0.0,,,0.0,0.0,0.0,1.0,0.0,0.0,0.0,1.0,0.0,0.0,1.0,1.0,1.0,0.0,0.0,0.0,0.0,0.0,0.0,0.0,0.0,0.0,0.0,0.0,0.0,0.0,0.0,0.0,0.0,0.0,0.0,0.0
2017,23225351,DULCE IRMA EMEIEF,00001,1,06/03/2017,04/01/2018,2,2303,23016,23,2307650,230765005,3,1,,,,,,,,,,,1.0,1.0,3.0,0.0,0.0,0.0,0.0,0.0,0.0,0.0,,0.0,0.0,0.0,1.0,1.0,0.0,0.0,0.0,0.0,1.0,0.0,0.0,0.0,1.0,0.0,0.0,1.0,0.0,0.0,0.0,0.0,0.0,1.0,1.0,1.0,0.0,0.0,1.0,0.0,1.0,1.0,0.0,1.0,1.0,0.0,0.0,0.0,1.0,0.0,1.0,1.0,1.0,1.0,0.0,0.0,1.0,0.0,1.0,0.0,0.0,0.0,0.0,0.0,0.0,6.0,6.0,1.0,0.0,1.0,0.0,1.0,0.0,1.0,1.0,1.0,1.0,0.0,1.0,1.0,3.0,0.0,3.0,0.0,1.0,0.0,1.0,1.0,4.0,2.0,0.0,3.0,16.0,2.0,14.0,1.0,1.0,30.0,1.0,0.0,1.0,0.0,0.0,0.0,0.0,1.0,0.0,,,0.0,0.0,0.0,1.0,0.0,0.0,0.0,1.0,0.0,0.0,0.0,1.0,1.0,0.0,0.0,0.0,0.0,0.0,0.0,0.0,0.0,0.0,0.0,0.0,0.0,0.0,0.0,0.0,0.0,0.0,0.0,0.0
2017,23080647,JOAQUIM AGUIAR EMEIEF,00001,1,06/02/2017,11/01/2018,2,2303,23016,23,2307650,230765005,3,1,,,,,,,,,,,1.0,1.0,3.0,0.0,0.0,0.0,0.0,0.0,0.0,0.0,,0.0,0.0,0.0,1.0,1.0,0.0,0.0,0.0,0.0,1.0,0.0,0.0,0.0,1.0,0.0,0.0,1.0,0.0,0.0,0.0,0.0,0.0,1.0,1.0,0.0,0.0,0.0,0.0,0.0,0.0,1.0,0.0,1.0,1.0,0.0,0.0,0.0,1.0,0.0,1.0,1.0,1.0,1.0,1.0,1.0,1.0,1.0,1.0,0.0,0.0,0.0,0.0,0.0,0.0,6.0,6.0,1.0,0.0,1.0,1.0,0.0,0.0,1.0,1.0,1.0,1.0,0.0,1.0,1.0,4.0,0.0,4.0,1.0,0.0,0.0,2.0,1.0,4.0,3.0,0.0,1.0,5.0,4.0,3.0,1.0,1.0,59.0,1.0,0.0,1.0,0.0,0.0,0.0,0.0,1.0,0.0,,,0.0,0.0,0.0,1.0,0.0,0.0,0.0,1.0,1.0,0.0,1.0,1.0,1.0,1.0,0.0,0.0,0.0,0.0,0.0,0.0,0.0,0.0,0.0,0.0,1.0,0.0,0.0,0.0,0.0,0.0,0.0,0.0
2017,23330015,MARIA MARQUES CEDRO PROFª EMEIEF,00001,1,06/02/2017,04/01/2018,2,2303,23016,23,2307650,230765005,3,1,,,,,,,,,,,1.0,1.0,2.0,0.0,0.0,0.0,0.0,0.0,0.0,0.0,,0.0,0.0,0.0,1.0,1.0,0.0,0.0,0.0,0.0,1.0,0.0,0.0,0.0,0.0,1.0,0.0,1.0,0.0,0.0,0.0,0.0,0.0,1.0,1.0,1.0,0.0,0.0,0.0,0.0,0.0,1.0,0.0,0.0,0.0,1.0,0.0,0.0,1.0,1.0,1.0,1.0,1.0,1.0,0.0,1.0,1.0,0.0,1.0,1.0,0.0,0.0,0.0,0.0,0.0,13.0,13.0,1.0,0.0,1.0,0.0,0.0,0.0,1.0,1.0,1.0,1.0,0.0,0.0,1.0,2.0,0.0,2.0,0.0,0.0,0.0,1.0,2.0,4.0,1.0,0.0,0.0,21.0,2.0,19.0,1.0,1.0,46.0,1.0,0.0,1.0,0.0,0.0,0.0,0.0,1.0,0.0,,,0.0,0.0,0.0,1.0,0.0,0.0,0.0,1.0,0.0,0.0,0.0,1.0,1.0,0.0,0.0,0.0,0.0,0.0,0.0,0.0,0.0,0.0,0.0,0.0,0.0,0.0,0.0,0.0,0.0,0.0,0.0,0.0
2017,23549009,ANA BEATRIZ MACEDO TAVARES MARQUES ESTUDANTE EMEF,00001,1,06/02/2017,29/12/2017,2,2303,23016,23,2307650,230765005,3,1,,,,,,,,,,,1.0,1.0,1.0,0.0,0.0,0.0,0.0,0.0,0.0,0.0,,0.0,0.0,0.0,1.0,1.0,0.0,0.0,0.0,0.0,1.0,0.0,0.0,0.0,0.0,1.0,0.0,1.0,0.0,0.0,0.0,0.0,0.0,1.0,1.0,0.0,0.0,1.0,1.0,0.0,1.0,1.0,1.0,0.0,1.0,0.0,0.0,0.0,1.0,0.0,1.0,1.0,1.0,1.0,1.0,1.0,1.0,0.0,1.0,0.0,0.0,0.0,0.0,0.0,0.0,15.0,15.0,1.0,0.0,1.0,0.0,1.0,1.0,1.0,0.0,1.0,1.0,0.0,1.0,1.0,4.0,0.0,4.0,0.0,1.0,1.0,2.0,0.0,2.0,1.0,0.0,1.0,4.0,1.0,0.0,0.0,0.0,65.0,1.0,0.0,1.0,0.0,0.0,0.0,0.0,1.0,0.0,,,0.0,0.0,0.0,1.0,0.0,0.0,0.0,1.0,1.0,1.0,0.0,0.0,1.0,1.0,0.0,0.0,0.0,0.0,0.0,0.0,0.0,0.0,0.0,0.0,1.0,1.0,1.0,0.0,0.0,0.0,0.0,0.0
2017,23080914,MARIA PEREIRA DA SILVA EMEF,00001,1,06/02/2017,29/12/2017,2,2303,23016,23,2307650,230765030,3,1,,,,,,,,,,,1.0,1.0,2.0,0.0,0.0,0.0,0.0,0.0,0.0,0.0,,0.0,0.0,0.0,1.0,1.0,0.0,0.0,0.0,0.0,1.0,0.0,0.0,0.0,1.0,0.0,0.0,1.0,0.0,0.0,0.0,0.0,0.0,1.0,1.0,1.0,0.0,1.0,0.0,0.0,0.0,1.0,0.0,1.0,1.0,0.0,0.0,0.0,1.0,0.0,1.0,1.0,1.0,1.0,0.0,1.0,1.0,0.0,1.0,0.0,0.0,0.0,1.0,0.0,0.0,10.0,10.0,1.0,0.0,1.0,0.0,1.0,0.0,1.0,0.0,1.0,1.0,0.0,1.0,1.0,2.0,0.0,1.0,0.0,1.0,0.0,5.0,0.0,4.0,2.0,0.0,2.0,17.0,7.0,8.0,1.0,1.0,49.0,1.0,1.0,1.0,0.0,0.0,0.0,0.0,1.0,0.0,,,0.0,1.0,0.0,1.0,0.0,0.0,0.0,1.0,1.0,1.0,0.0,0.0,0.0,1.0,0.0,0.0,0.0,0.0,0.0,0.0,0.0,0.0,0.0,0.0,1.0,1.0,1.0,0.0,0.0,0.0,0.0,0.0
2017,23081732,ANTONIO DE ALBUQUERQUE SOUSA FILHO EMEIEF,00001,1,06/02/2017,04/01/2018,2,2303,23016,23,2307650,230765030,3,1,,,,,,,,,,,1.0,1.0,1.0,0.0,0.0,0.0,0.0,0.0,0.0,0.0,,0.0,0.0,0.0,1.0,1.0,0.0,0.0,0.0,0.0,1.0,0.0,0.0,0.0,0.0,1.0,0.0,1.0,0.0,0.0,0.0,0.0,0.0,1.0,1.0,1.0,0.0,1.0,1.0,0.0,1.0,1.0,0.0,1.0,1.0,0.0,0.0,0.0,1.0,1.0,1.0,1.0,1.0,1.0,0.0,1.0,1.0,0.0,1.0,1.0,0.0,0.0,0.0,0.0,0.0,12.0,12.0,1.0,0.0,1.0,0.0,0.0,1.0,1.0,0.0,1.0,1.0,0.0,1.0,1.0,4.0,0.0,2.0,0.0,0.0,1.0,3.0,0.0,2.0,1.0,0.0,2.0,15.0,4.0,4.0,1.0,1.0,49.0,1.0,1.0,1.0,0.0,0.0,0.0,0.0,1.0,0.0,,,0.0,0.0,0.0,1.0,0.0,0.0,0.0,1.0,0.0,0.0,0.0,0.0,1.0,0.0,0.0,0.0,0.0,0.0,0.0,0.0,0.0,0.0,0.0,0.0,0.0,0.0,0.0,0.0,0.0,0.0,0.0,0.0
2017,23079908,CESAR CALS NETO EMEIEF,00001,1,06/02/2017,11/01/2018,2,2303,23016,23,2307650,230765005,3,1,,,,,,,,,,,1.0,1.0,1.0,0.0,0.0,0.0,0.0,0.0,0.0,0.0,,0.0,0.0,0.0,1.0,1.0,0.0,0.0,0.0,0.0,1.0,0.0,0.0,0.0,0.0,1.0,0.0,1.0,0.0,0.0,0.0,0.0,0.0,1.0,1.0,1.0,0.0,0.0,0.0,0.0,0.0,1.0,0.0,1.0,1.0,0.0,0.0,0.0,1.0,0.0,1.0,1.0,1.0,1.0,0.0,1.0,1.0,0.0,0.0,0.0,0.0,0.0,0.0,0.0,0.0,5.0,5.0,1.0,0.0,1.0,0.0,1.0,0.0,0.0,1.0,1.0,1.0,0.0,1.0,1.0,1.0,0.0,1.0,0.0,1.0,0.0,0.0,2.0,3.0,2.0,0.0,1.0,12.0,3.0,9.0,1.0,1.0,30.0,1.0,0.0,1.0,0.0,0.0,0.0,0.0,1.0,0.0,,,0.0,0.0,0.0,1.0,0.0,0.0,0.0,1.0,0.0,0.0,0.0,0.0,1.0,1.0,0.0,0.0,0.0,0.0,0.0,0.0,0.0,0.0,0.0,0.0,0.0,0.0,0.0,0.0,0.0,0.0,0.0,0.0
2017,23270985,FRANCISCO ARAUJO DO NASCIMENTO PROF EMEIEF,00001,1,06/02/2017,29/12/2017,2,2303,23016,23,2307650,230765005,3,1,,,,,,,,,,,1.0,1.0,2.0,0.0,0.0,0.0,0.0,0.0,0.0,0.0,,0.0,0.0,0.0,1.0,1.0,0.0,0.0,0.0,0.0,1.0,0.0,0.0,0.0,1.0,0.0,0.0,1.0,0.0,0.0,0.0,0.0,0.0,1.0,1.0,1.0,0.0,0.0,0.0,0.0,0.0,1.0,0.0,1.0,1.0,0.0,0.0,0.0,1.0,1.0,1.0,1.0,1.0,1.0,0.0,0.0,1.0,0.0,1.0,1.0,0.0,0.0,0.0,0.0,0.0,12.0,11.0,1.0,0.0,1.0,0.0,0.0,0.0,1.0,0.0,1.0,1.0,0.0,1.0,1.0,2.0,0.0,1.0,0.0,0.0,0.0,2.0,0.0,2.0,1.0,0.0,1.0,17.0,1.0,16.0,1.0,1.0,41.0,1.0,0.0,1.0,0.0,0.0,0.0,0.0,1.0,0.0,,,0.0,0.0,0.0,1.0,0.0,0.0,0.0,1.0,0.0,0.0,0.0,1.0,1.0,0.0,0.0,0.0,0.0,0.0,0.0,0.0,0.0,0.0,0.0,0.0,0.0,0.0,0.0,0.0,0.0,0.0,0.0,0.0
2017,23197196,WALMIKI SAMPAIO DE ALBUQUERQUE EMEIEF,00001,1,06/02/2017,29/12/2017,2,2303,23016,23,2307650,230765005,3,1,,,,,,,,,,,1.0,1.0,3.0,0.0,0.0,0.0,0.0,0.0,0.0,0.0,,0.0,0.0,0.0,1.0,1.0,0.0,0.0,0.0,0.0,1.0,0.0,0.0,0.0,0.0,1.0,0.0,1.0,0.0,0.0,0.0,0.0,0.0,1.0,1.0,1.0,0.0,1.0,0.0,1.0,1.0,1.0,0.0,1.0,1.0,1.0,0.0,0.0,1.0,0.0,1.0,1.0,1.0,1.0,0.0,1.0,1.0,0.0,1.0,1.0,0.0,0.0,1.0,0.0,0.0,12.0,12.0,1.0,0.0,1.0,0.0,1.0,0.0,1.0,1.0,1.0,1.0,0.0,1.0,1.0,3.0,0.0,5.0,0.0,1.0,0.0,6.0,1.0,8.0,4.0,0.0,1.0,11.0,1.0,10.0,1.0,1.0,48.0,1.0,1.0,1.0,0.0,0.0,0.0,0.0,1.0,0.0,,,0.0,0.0,0.0,1.0,0.0,0.0,0.0,1.0,0.0,0.0,0.0,0.0,1.0,1.0,0.0,0.0,0.0,0.0,0.0,0.0,0.0,0.0,0.0,0.0,0.0,0.0,0.0,0.0,0.0,0.0,0.0,0.0
2017,23081856,LUIZ GONZAGA DOS SANTOS EMEF,00001,1,06/02/2017,29/12/2017,2,2303,23016,23,2307650,230765030,3,1,,,,,,,,,,,1.0,1.0,1.0,0.0,0.0,0.0,0.0,0.0,0.0,0.0,,0.0,0.0,0.0,1.0,1.0,0.0,0.0,0.0,0.0,1.0,0.0,0.0,0.0,0.0,1.0,0.0,1.0,0.0,0.0,0.0,0.0,0.0,1.0,1.0,1.0,0.0,1.0,0.0,0.0,0.0,1.0,1.0,0.0,1.0,0.0,0.0,0.0,1.0,0.0,1.0,1.0,1.0,1.0,0.0,1.0,0.0,0.0,1.0,0.0,0.0,0.0,0.0,0.0,0.0,11.0,11.0,1.0,0.0,1.0,0.0,1.0,0.0,1.0,0.0,1.0,1.0,0.0,1.0,1.0,2.0,0.0,2.0,0.0,1.0,0.0,3.0,0.0,7.0,3.0,0.0,7.0,10.0,1.0,4.0,1.0,1.0,44.0,1.0,1.0,1.0,0.0,0.0,0.0,0.0,1.0,0.0,,,0.0,1.0,0.0,1.0,0.0,0.0,0.0,1.0,0.0,0.0,0.0,0.0,1.0,1.0,0.0,0.0,0.0,0.0,0.0,0.0,0.0,0.0,0.0,0.0,0.0,0.0,0.0,0.0,0.0,0.0,0.0,0.0
2017,23081309,PARQUE PIRATININGA EMEIEF,00001,1,06/02/2017,11/01/2018,2,2303,23016,23,2307650,230765005,3,1,,,,,,,,,,,1.0,1.0,1.0,0.0,0.0,0.0,0.0,0.0,0.0,0.0,,0.0,0.0,0.0,1.0,1.0,0.0,0.0,0.0,0.0,1.0,0.0,0.0,0.0,0.0,1.0,0.0,1.0,0.0,0.0,0.0,0.0,0.0,1.0,1.0,1.0,0.0,0.0,0.0,0.0,0.0,1.0,0.0,0.0,0.0,1.0,0.0,0.0,1.0,0.0,1.0,1.0,1.0,1.0,0.0,1.0,0.0,0.0,0.0,0.0,0.0,0.0,1.0,0.0,0.0,7.0,6.0,1.0,0.0,1.0,0.0,1.0,0.0,1.0,1.0,1.0,1.0,0.0,1.0,1.0,5.0,0.0,7.0,0.0,1.0,0.0,1.0,3.0,6.0,2.0,0.0,3.0,4.0,1.0,3.0,1.0,1.0,32.0,1.0,0.0,1.0,0.0,0.0,0.0,0.0,1.0,0.0,,,0.0,0.0,0.0,1.0,0.0,0.0,0.0,1.0,0.0,0.0,0.0,1.0,1.0,0.0,0.0,0.0,0.0,0.0,0.0,0.0,0.0,0.0,0.0,0.0,0.0,0.0,0.0,0.0,0.0,0.0,0.0,0.0
2017,23081600,TANCREDO NEVES PRESIDENTE EMEF,00001,1,06/02/2017,29/12/2017,2,2303,23016,23,2307650,230765005,3,1,,,,,,,,,,,1.0,1.0,1.0,0.0,0.0,0.0,0.0,0.0,0.0,0.0,,0.0,0.0,0.0,1.0,1.0,0.0,0.0,0.0,0.0,1.0,0.0,0.0,0.0,1.0,0.0,0.0,1.0,0.0,0.0,0.0,0.0,0.0,1.0,1.0,1.0,0.0,1.0,0.0,0.0,0.0,1.0,1.0,1.0,1.0,0.0,0.0,0.0,1.0,0.0,1.0,0.0,1.0,1.0,0.0,1.0,1.0,0.0,1.0,0.0,0.0,0.0,0.0,0.0,0.0,12.0,12.0,1.0,0.0,1.0,0.0,0.0,0.0,1.0,1.0,1.0,1.0,0.0,1.0,1.0,10.0,0.0,8.0,0.0,0.0,0.0,4.0,2.0,6.0,2.0,0.0,2.0,13.0,5.0,8.0,1.0,1.0,43.0,1.0,1.0,0.0,0.0,0.0,0.0,0.0,1.0,0.0,,,0.0,0.0,0.0,1.0,0.0,0.0,0.0,1.0,0.0,0.0,0.0,0.0,0.0,1.0,0.0,0.0,0.0,0.0,0.0,0.0,0.0,0.0,0.0,0.0,0.0,0.0,0.0,0.0,0.0,0.0,0.0,0.0
2017,23223057,CORA CORALINA - EMEIEF,00001,1,06/02/2017,04/01/2018,2,2303,23016,23,2307650,230765005,3,1,,,,,,,,,,,1.0,1.0,2.0,0.0,0.0,0.0,0.0,0.0,0.0,0.0,,0.0,0.0,0.0,1.0,1.0,0.0,0.0,0.0,0.0,1.0,0.0,0.0,0.0,0.0,1.0,0.0,1.0,0.0,0.0,0.0,0.0,0.0,1.0,0.0,0.0,0.0,0.0,0.0,0.0,0.0,1.0,0.0,1.0,1.0,0.0,0.0,0.0,1.0,0.0,1.0,1.0,0.0,1.0,0.0,0.0,0.0,0.0,0.0,1.0,0.0,0.0,0.0,0.0,0.0,6.0,6.0,1.0,0.0,0.0,0.0,0.0,1.0,1.0,1.0,1.0,1.0,0.0,1.0,1.0,2.0,0.0,0.0,0.0,0.0,1.0,1.0,2.0,4.0,1.0,0.0,2.0,4.0,0.0,2.0,1.0,1.0,29.0,1.0,0.0,1.0,0.0,0.0,0.0,0.0,1.0,0.0,,,0.0,0.0,0.0,1.0,0.0,0.0,0.0,1.0,1.0,0.0,0.0,1.0,1.0,0.0,0.0,0.0,0.0,0.0,0.0,0.0,0.0,0.0,0.0,0.0,1.0,0.0,0.0,0.0,0.0,0.0,0.0,0.0
2017,23206187,JOAO MAGALHAES DE OLIVEIRA EMEIEF,00001,1,03/02/2017,05/01/2018,2,2303,23016,23,2307650,230765005,3,1,,,,,,,,,,,1.0,1.0,1.0,0.0,0.0,0.0,0.0,0.0,0.0,0.0,,0.0,0.0,0.0,1.0,1.0,0.0,0.0,0.0,0.0,1.0,0.0,0.0,0.0,0.0,1.0,0.0,1.0,0.0,0.0,0.0,0.0,0.0,1.0,1.0,1.0,0.0,0.0,0.0,0.0,0.0,1.0,1.0,0.0,1.0,0.0,0.0,0.0,1.0,1.0,1.0,1.0,1.0,1.0,0.0,1.0,1.0,0.0,0.0,0.0,0.0,0.0,1.0,0.0,0.0,6.0,5.0,1.0,0.0,1.0,0.0,1.0,0.0,1.0,0.0,1.0,1.0,0.0,1.0,1.0,2.0,0.0,2.0,0.0,1.0,0.0,2.0,0.0,6.0,2.0,0.0,1.0,12.0,2.0,10.0,1.0,1.0,31.0,1.0,0.0,1.0,0.0,0.0,0.0,0.0,1.0,0.0,,,0.0,0.0,0.0,1.0,0.0,0.0,0.0,1.0,0.0,0.0,0.0,1.0,1.0,1.0,0.0,0.0,0.0,0.0,0.0,0.0,0.0,0.0,0.0,0.0,0.0,0.0,0.0,0.0,0.0,0.0,0.0,0.0
2017,23177039,CENTRO INTEGRADO DE EDUCACAO SAUDE E ASSISTENCIA SOCIAL DE MARACANAU - CIES,00001,1,06/02/2017,05/01/2018,2,2303,23016,23,2307650,230765005,3,1,,,,,,,,,,,1.0,1.0,1.0,0.0,0.0,0.0,0.0,0.0,0.0,0.0,,0.0,0.0,0.0,1.0,1.0,0.0,0.0,0.0,0.0,1.0,0.0,0.0,0.0,1.0,0.0,0.0,1.0,0.0,0.0,0.0,0.0,0.0,1.0,1.0,0.0,0.0,1.0,1.0,0.0,1.0,1.0,0.0,1.0,1.0,0.0,0.0,0.0,1.0,1.0,1.0,1.0,1.0,1.0,1.0,1.0,1.0,1.0,1.0,0.0,0.0,0.0,1.0,0.0,0.0,10.0,10.0,1.0,0.0,1.0,0.0,0.0,0.0,1.0,1.0,1.0,1.0,0.0,0.0,1.0,7.0,0.0,1.0,0.0,0.0,0.0,1.0,3.0,4.0,1.0,0.0,0.0,4.0,2.0,2.0,1.0,1.0,39.0,1.0,1.0,1.0,0.0,0.0,0.0,0.0,1.0,0.0,,,0.0,0.0,0.0,1.0,0.0,0.0,0.0,1.0,0.0,0.0,0.0,1.0,1.0,0.0,0.0,0.0,0.0,0.0,0.0,0.0,0.0,0.0,0.0,0.0,0.0,0.0,0.0,0.0,0.0,0.0,0.0,0.0
2017,23197218,MANOEL RODRIGUES PINHEIRO DE MELO EMEIEF,00001,1,06/02/2017,05/01/2018,2,2303,23016,23,2307650,230765005,3,1,,,,,,,,,,,1.0,1.0,1.0,0.0,0.0,0.0,0.0,0.0,0.0,0.0,,0.0,0.0,0.0,1.0,1.0,0.0,0.0,0.0,0.0,1.0,0.0,0.0,0.0,1.0,0.0,0.0,1.0,0.0,0.0,0.0,0.0,0.0,1.0,1.0,1.0,0.0,1.0,1.0,0.0,1.0,1.0,1.0,1.0,1.0,0.0,0.0,0.0,1.0,1.0,1.0,1.0,1.0,1.0,0.0,1.0,1.0,0.0,1.0,0.0,0.0,0.0,1.0,0.0,0.0,12.0,12.0,1.0,0.0,1.0,0.0,1.0,0.0,1.0,1.0,1.0,1.0,0.0,1.0,1.0,2.0,0.0,2.0,0.0,1.0,0.0,4.0,1.0,2.0,1.0,0.0,1.0,20.0,3.0,20.0,1.0,1.0,41.0,1.0,1.0,1.0,0.0,0.0,0.0,0.0,1.0,0.0,,,0.0,1.0,0.0,1.0,0.0,0.0,0.0,1.0,0.0,0.0,0.0,1.0,1.0,1.0,0.0,0.0,0.0,0.0,0.0,0.0,0.0,0.0,0.0,0.0,0.0,0.0,0.0,0.0,0.0,0.0,0.0,0.0
2017,23226757,JOSE DANTAS SOBRINHO EMEF,00001,1,06/02/2017,11/01/2018,2,2303,23016,23,2307650,230765005,3,1,,,,,,,,,,,1.0,1.0,1.0,0.0,0.0,0.0,0.0,0.0,0.0,0.0,,0.0,0.0,0.0,1.0,1.0,0.0,0.0,0.0,0.0,1.0,0.0,0.0,0.0,1.0,0.0,0.0,1.0,0.0,0.0,0.0,0.0,0.0,1.0,1.0,1.0,0.0,1.0,1.0,0.0,1.0,1.0,1.0,1.0,1.0,0.0,0.0,0.0,1.0,0.0,1.0,1.0,1.0,1.0,0.0,1.0,1.0,0.0,1.0,0.0,0.0,0.0,0.0,0.0,0.0,12.0,12.0,1.0,1.0,1.0,0.0,1.0,1.0,1.0,0.0,1.0,1.0,0.0,1.0,1.0,1.0,1.0,1.0,0.0,1.0,1.0,5.0,0.0,4.0,1.0,0.0,1.0,24.0,7.0,24.0,1.0,1.0,44.0,1.0,1.0,1.0,0.0,0.0,0.0,0.0,1.0,0.0,,,0.0,0.0,0.0,1.0,0.0,0.0,0.0,1.0,0.0,0.0,0.0,0.0,1.0,1.0,0.0,0.0,0.0,0.0,0.0,0.0,0.0,0.0,0.0,0.0,0.0,0.0,0.0,0.0,0.0,0.0,0.0,0.0
2017,23080680,SAO JOSE INSTITUTO EMEF,00001,1,06/02/2017,04/01/2018,2,2303,23016,23,2307650,230765005,3,1,,,,,,,,,,,1.0,1.0,2.0,0.0,0.0,0.0,0.0,0.0,0.0,0.0,,0.0,0.0,0.0,1.0,1.0,0.0,0.0,0.0,0.0,1.0,0.0,0.0,0.0,1.0,0.0,0.0,1.0,0.0,0.0,0.0,0.0,0.0,1.0,1.0,1.0,0.0,0.0,0.0,1.0,1.0,1.0,1.0,0.0,1.0,1.0,0.0,0.0,1.0,0.0,1.0,1.0,1.0,1.0,0.0,1.0,0.0,0.0,1.0,0.0,0.0,0.0,0.0,0.0,0.0,11.0,9.0,1.0,0.0,1.0,1.0,0.0,0.0,0.0,1.0,1.0,1.0,0.0,1.0,1.0,3.0,0.0,2.0,1.0,0.0,0.0,0.0,2.0,6.0,2.0,0.0,1.0,11.0,4.0,7.0,1.0,1.0,25.0,1.0,0.0,1.0,0.0,0.0,0.0,0.0,1.0,0.0,,,0.0,0.0,0.0,1.0,0.0,0.0,0.0,1.0,0.0,0.0,0.0,0.0,1.0,1.0,0.0,0.0,0.0,0.0,0.0,0.0,0.0,0.0,0.0,0.0,0.0,0.0,0.0,0.0,0.0,0.0,0.0,0.0
2017,23081171,ADAUTO FERREIRA LIMA EMEIEF,00001,1,06/02/2017,11/01/2018,2,2303,23016,23,2307650,230765005,3,1,,,,,,,,,,,1.0,1.0,1.0,0.0,0.0,0.0,0.0,0.0,0.0,0.0,,0.0,0.0,0.0,1.0,1.0,0.0,0.0,0.0,0.0,1.0,0.0,0.0,0.0,0.0,1.0,0.0,1.0,0.0,0.0,0.0,0.0,0.0,1.0,1.0,1.0,0.0,1.0,1.0,0.0,1.0,1.0,1.0,0.0,1.0,0.0,0.0,0.0,1.0,1.0,1.0,1.0,1.0,1.0,0.0,1.0,1.0,0.0,1.0,0.0,0.0,0.0,1.0,0.0,0.0,17.0,17.0,1.0,0.0,1.0,0.0,0.0,1.0,0.0,1.0,1.0,1.0,0.0,1.0,1.0,4.0,0.0,1.0,0.0,0.0,2.0,0.0,5.0,5.0,2.0,0.0,2.0,13.0,3.0,10.0,1.0,1.0,61.0,1.0,1.0,1.0,0.0,0.0,0.0,0.0,1.0,0.0,,,0.0,1.0,0.0,1.0,0.0,0.0,0.0,1.0,1.0,1.0,0.0,0.0,1.0,1.0,0.0,0.0,0.0,0.0,0.0,0.0,0.0,0.0,0.0,0.0,1.0,1.0,1.0,0.0,0.0,0.0,0.0,0.0
2017,23271019,MARIA DE JESUS DE SOUSA MACAMBIRA PROFª EMEIEF,00001,1,06/02/2017,29/12/2017,2,2303,23016,23,2307650,230765030,3,1,,,,,,,,,,,1.0,1.0,2.0,0.0,0.0,0.0,0.0,0.0,0.0,0.0,,0.0,0.0,0.0,1.0,1.0,0.0,0.0,0.0,0.0,1.0,0.0,0.0,0.0,0.0,1.0,0.0,1.0,0.0,0.0,0.0,0.0,0.0,1.0,1.0,1.0,0.0,0.0,0.0,0.0,0.0,1.0,0.0,1.0,1.0,1.0,0.0,0.0,1.0,1.0,1.0,1.0,1.0,1.0,0.0,1.0,1.0,0.0,1.0,0.0,0.0,0.0,0.0,0.0,0.0,5.0,5.0,1.0,0.0,1.0,0.0,1.0,0.0,1.0,0.0,1.0,1.0,0.0,1.0,1.0,4.0,0.0,2.0,0.0,1.0,0.0,3.0,0.0,8.0,1.0,0.0,1.0,8.0,2.0,6.0,1.0,1.0,24.0,1.0,0.0,0.0,0.0,0.0,0.0,0.0,1.0,0.0,,,0.0,0.0,0.0,1.0,0.0,0.0,0.0,1.0,0.0,0.0,0.0,1.0,0.0,0.0,0.0,0.0,0.0,0.0,0.0,0.0,0.0,0.0,0.0,0.0,0.0,0.0,0.0,0.0,0.0,0.0,0.0,0.0
2017,23251255,MARILENE LOPES RABELO PROFESSORA EMEIEF,00001,1,06/02/2017,05/01/2018,2,2303,23016,23,2307650,230765005,3,1,,,,,,,,,,,1.0,1.0,2.0,0.0,0.0,0.0,0.0,0.0,0.0,0.0,,0.0,0.0,0.0,1.0,1.0,0.0,0.0,0.0,0.0,1.0,0.0,0.0,0.0,0.0,1.0,0.0,1.0,0.0,0.0,0.0,0.0,0.0,1.0,1.0,0.0,0.0,0.0,0.0,0.0,0.0,1.0,0.0,1.0,1.0,0.0,0.0,1.0,1.0,1.0,1.0,1.0,1.0,1.0,0.0,0.0,1.0,0.0,1.0,1.0,0.0,0.0,0.0,0.0,0.0,11.0,11.0,1.0,0.0,0.0,0.0,0.0,0.0,0.0,1.0,1.0,1.0,0.0,1.0,1.0,2.0,0.0,0.0,0.0,0.0,0.0,0.0,3.0,3.0,1.0,0.0,1.0,4.0,4.0,0.0,1.0,1.0,36.0,1.0,0.0,1.0,0.0,0.0,0.0,0.0,1.0,0.0,,,0.0,0.0,0.0,1.0,0.0,0.0,0.0,1.0,0.0,0.0,1.0,1.0,1.0,0.0,0.0,0.0,0.0,0.0,0.0,0.0,0.0,0.0,0.0,0.0,0.0,0.0,0.0,0.0,0.0,0.0,0.0,0.0
2017,23081473,RODOLFO TEOFILO EMEF,00001,1,06/02/2017,11/01/2018,2,2303,23016,23,2307650,230765030,3,1,,,,,,,,,,,1.0,1.0,2.0,0.0,0.0,0.0,0.0,0.0,0.0,0.0,,0.0,0.0,1.0,1.0,1.0,0.0,0.0,0.0,0.0,1.0,0.0,0.0,0.0,0.0,1.0,0.0,1.0,0.0,0.0,0.0,0.0,0.0,1.0,1.0,1.0,0.0,1.0,0.0,1.0,1.0,1.0,0.0,1.0,1.0,0.0,0.0,0.0,1.0,0.0,1.0,1.0,1.0,1.0,0.0,1.0,1.0,1.0,1.0,1.0,0.0,0.0,1.0,0.0,0.0,13.0,11.0,1.0,0.0,1.0,1.0,1.0,0.0,1.0,1.0,1.0,1.0,0.0,1.0,1.0,3.0,0.0,3.0,1.0,1.0,0.0,1.0,1.0,7.0,2.0,0.0,1.0,15.0,4.0,9.0,1.0,1.0,55.0,1.0,1.0,1.0,0.0,0.0,0.0,0.0,1.0,0.0,,,0.0,1.0,0.0,1.0,0.0,0.0,0.0,1.0,1.0,0.0,0.0,0.0,1.0,1.0,0.0,0.0,0.0,0.0,0.0,0.0,0.0,0.0,0.0,0.0,1.0,0.0,0.0,0.0,0.0,0.0,0.0,0.0
2017,23241322,ELEAZAR DE CARVALHO MAESTRO EMEF,00001,1,06/02/2017,29/12/2017,2,2303,23016,23,2307650,230765005,3,1,,,,,,,,,,,2.0,1.0,3.0,0.0,0.0,0.0,0.0,0.0,0.0,0.0,,0.0,0.0,0.0,1.0,1.0,0.0,0.0,0.0,0.0,1.0,0.0,0.0,0.0,1.0,0.0,0.0,1.0,0.0,0.0,0.0,0.0,0.0,1.0,1.0,1.0,0.0,0.0,0.0,0.0,0.0,1.0,1.0,1.0,1.0,0.0,0.0,0.0,1.0,0.0,1.0,1.0,1.0,1.0,0.0,0.0,1.0,0.0,1.0,0.0,0.0,0.0,1.0,0.0,0.0,8.0,8.0,1.0,0.0,1.0,0.0,1.0,1.0,1.0,1.0,1.0,1.0,0.0,1.0,1.0,2.0,0.0,3.0,0.0,1.0,1.0,2.0,1.0,7.0,3.0,0.0,1.0,10.0,1.0,9.0,1.0,0.0,40.0,1.0,0.0,1.0,1.0,0.0,0.0,0.0,1.0,0.0,,,0.0,1.0,0.0,1.0,0.0,0.0,0.0,1.0,0.0,0.0,0.0,0.0,1.0,0.0,0.0,0.0,0.0,0.0,0.0,0.0,0.0,0.0,0.0,0.0,0.0,0.0,0.0,0.0,0.0,0.0,0.0,0.0
2017,23079894,CESAR CALS DE OLIVEIRA FILHO GOVERNADOR EMEIEF,00001,1,06/02/2017,29/12/2017,2,2303,23016,23,2307650,230765005,3,1,,,,,,,,,,,1.0,1.0,1.0,0.0,0.0,0.0,0.0,0.0,0.0,0.0,,0.0,0.0,0.0,1.0,1.0,0.0,0.0,0.0,0.0,1.0,0.0,0.0,0.0,0.0,1.0,0.0,1.0,0.0,0.0,0.0,0.0,0.0,1.0,1.0,1.0,0.0,1.0,1.0,0.0,1.0,1.0,0.0,1.0,1.0,1.0,0.0,0.0,1.0,1.0,1.0,1.0,1.0,1.0,0.0,1.0,1.0,0.0,1.0,0.0,0.0,0.0,1.0,0.0,0.0,10.0,10.0,1.0,0.0,1.0,0.0,1.0,1.0,1.0,0.0,1.0,1.0,0.0,1.0,1.0,3.0,0.0,2.0,0.0,1.0,1.0,6.0,0.0,3.0,1.0,0.0,1.0,22.0,2.0,20.0,1.0,1.0,53.0,1.0,1.0,1.0,0.0,0.0,0.0,0.0,1.0,0.0,,,0.0,1.0,0.0,1.0,0.0,0.0,0.0,1.0,1.0,0.0,0.0,0.0,1.0,1.0,0.0,0.0,0.0,0.0,0.0,0.0,0.0,0.0,0.0,0.0,1.0,0.0,0.0,0.0,0.0,0.0,0.0,0.0
2017,23080124,DURVAL AIRES JORNALISTA EMEF,00001,1,06/02/2017,11/01/2018,2,2303,23016,23,2307650,230765005,3,1,,,,,,,,,,,1.0,1.0,1.0,0.0,0.0,0.0,0.0,0.0,0.0,0.0,,0.0,0.0,0.0,1.0,1.0,0.0,0.0,0.0,0.0,1.0,0.0,0.0,0.0,0.0,1.0,0.0,1.0,0.0,0.0,0.0,0.0,0.0,1.0,1.0,1.0,0.0,1.0,1.0,0.0,1.0,1.0,0.0,0.0,0.0,0.0,0.0,0.0,1.0,0.0,1.0,1.0,1.0,1.0,0.0,1.0,1.0,1.0,0.0,1.0,0.0,0.0,0.0,1.0,0.0,17.0,17.0,1.0,0.0,0.0,0.0,1.0,0.0,1.0,1.0,1.0,1.0,0.0,1.0,1.0,2.0,0.0,0.0,0.0,1.0,0.0,1.0,2.0,3.0,1.0,0.0,1.0,20.0,3.0,10.0,1.0,1.0,79.0,1.0,1.0,1.0,0.0,0.0,0.0,0.0,1.0,0.0,,,0.0,1.0,0.0,1.0,0.0,0.0,0.0,1.0,1.0,0.0,0.0,0.0,1.0,1.0,0.0,0.0,0.0,0.0,0.0,0.0,0.0,0.0,0.0,0.0,1.0,0.0,0.0,0.0,0.0,0.0,0.0,0.0
2017,23270896,MARIA JOSE ISIDORO PROFª EMEIEF,00001,1,06/02/2017,05/01/2018,2,2303,23016,23,2307650,230765005,3,1,,,,,,,,,,,1.0,1.0,2.0,0.0,0.0,0.0,0.0,0.0,0.0,0.0,,0.0,0.0,0.0,1.0,1.0,0.0,0.0,0.0,0.0,1.0,0.0,0.0,0.0,0.0,1.0,0.0,1.0,0.0,0.0,0.0,0.0,0.0,1.0,1.0,0.0,0.0,1.0,0.0,0.0,0.0,1.0,0.0,1.0,1.0,0.0,0.0,0.0,1.0,1.0,1.0,0.0,1.0,1.0,0.0,1.0,0.0,0.0,0.0,0.0,0.0,0.0,1.0,0.0,0.0,7.0,7.0,1.0,0.0,1.0,0.0,1.0,0.0,1.0,0.0,1.0,1.0,0.0,1.0,1.0,2.0,0.0,2.0,0.0,1.0,0.0,3.0,0.0,5.0,1.0,0.0,1.0,5.0,3.0,0.0,1.0,1.0,35.0,1.0,1.0,1.0,0.0,0.0,0.0,0.0,1.0,0.0,,,0.0,0.0,0.0,1.0,0.0,0.0,0.0,1.0,0.0,0.0,0.0,1.0,1.0,0.0,0.0,0.0,0.0,0.0,0.0,0.0,0.0,0.0,0.0,0.0,0.0,0.0,0.0,0.0,0.0,0.0,0.0,0.0
2017,23206152,JULIO CESAR COSTA LIMA I EMEIEF,00001,1,06/02/2017,29/12/2017,2,2303,23016,23,2307650,230765005,3,1,,,,,,,,,,,1.0,1.0,2.0,0.0,0.0,0.0,0.0,0.0,0.0,0.0,,0.0,0.0,0.0,1.0,1.0,0.0,0.0,0.0,0.0,1.0,0.0,0.0,0.0,0.0,1.0,0.0,1.0,0.0,0.0,0.0,0.0,0.0,1.0,1.0,0.0,0.0,1.0,0.0,0.0,0.0,1.0,0.0,1.0,1.0,0.0,0.0,0.0,1.0,0.0,1.0,1.0,1.0,1.0,0.0,1.0,1.0,0.0,0.0,1.0,0.0,0.0,0.0,0.0,0.0,9.0,7.0,1.0,0.0,1.0,0.0,0.0,0.0,1.0,1.0,1.0,1.0,1.0,1.0,1.0,3.0,0.0,4.0,0.0,0.0,0.0,3.0,4.0,5.0,3.0,1.0,2.0,19.0,10.0,9.0,0.0,0.0,31.0,1.0,1.0,1.0,0.0,0.0,0.0,0.0,1.0,0.0,,,0.0,1.0,0.0,1.0,0.0,0.0,0.0,1.0,0.0,0.0,0.0,0.0,1.0,1.0,0.0,0.0,0.0,0.0,0.0,0.0,0.0,0.0,0.0,0.0,0.0,0.0,0.0,0.0,0.0,0.0,0.0,0.0
2017,23080426,GENCIANO GUERREIRO DE BRITO EMEF,00001,1,06/02/2017,04/01/2018,2,2303,23016,23,2307650,230765005,3,1,,,,,,,,,,,1.0,1.0,3.0,0.0,0.0,0.0,0.0,0.0,0.0,0.0,,0.0,0.0,0.0,1.0,1.0,0.0,0.0,0.0,0.0,1.0,0.0,0.0,0.0,1.0,0.0,0.0,1.0,0.0,0.0,0.0,0.0,0.0,1.0,1.0,1.0,0.0,0.0,0.0,0.0,0.0,1.0,0.0,1.0,1.0,0.0,0.0,0.0,1.0,0.0,1.0,0.0,1.0,1.0,0.0,1.0,1.0,0.0,1.0,0.0,0.0,0.0,0.0,0.0,0.0,10.0,10.0,1.0,0.0,1.0,0.0,1.0,0.0,1.0,1.0,1.0,1.0,0.0,1.0,1.0,3.0,0.0,3.0,0.0,1.0,0.0,1.0,1.0,7.0,1.0,0.0,2.0,9.0,5.0,4.0,1.0,1.0,47.0,1.0,0.0,0.0,0.0,0.0,0.0,0.0,1.0,0.0,,,0.0,0.0,0.0,1.0,0.0,0.0,0.0,1.0,0.0,0.0,0.0,0.0,1.0,0.0,0.0,0.0,0.0,0.0,0.0,0.0,0.0,0.0,0.0,0.0,0.0,0.0,0.0,0.0,0.0,0.0,0.0,0.0
2017,23080604,JATOBA EMEF,00001,1,06/02/2017,29/12/2017,2,2303,23016,23,2307650,230765005,3,1,,,,,,,,,,,1.0,1.0,1.0,0.0,0.0,0.0,0.0,0.0,0.0,0.0,,0.0,0.0,0.0,1.0,1.0,0.0,0.0,0.0,0.0,1.0,0.0,0.0,0.0,0.0,1.0,0.0,1.0,0.0,0.0,0.0,0.0,0.0,1.0,1.0,1.0,0.0,0.0,0.0,0.0,0.0,1.0,0.0,1.0,1.0,0.0,0.0,0.0,1.0,0.0,1.0,1.0,1.0,1.0,0.0,1.0,1.0,0.0,1.0,0.0,0.0,0.0,0.0,0.0,0.0,8.0,8.0,1.0,0.0,1.0,0.0,1.0,0.0,0.0,1.0,1.0,1.0,0.0,1.0,1.0,1.0,0.0,2.0,0.0,1.0,0.0,0.0,1.0,2.0,3.0,0.0,2.0,5.0,1.0,4.0,1.0,1.0,38.0,1.0,0.0,1.0,0.0,0.0,0.0,0.0,1.0,0.0,,,0.0,1.0,0.0,1.0,0.0,0.0,0.0,1.0,0.0,0.0,0.0,0.0,1.0,1.0,0.0,0.0,0.0,0.0,0.0,0.0,0.0,0.0,0.0,0.0,0.0,0.0,0.0,0.0,0.0,0.0,0.0,0.0
2017,23079614,POVO PITAGUARI EMIEB,00001,1,06/02/2017,05/01/2018,2,2303,23016,23,2307650,230765005,3,2,,,,,,,,,,,1.0,1.0,1.0,0.0,0.0,0.0,0.0,0.0,0.0,0.0,,0.0,0.0,0.0,1.0,0.0,1.0,1.0,0.0,0.0,1.0,0.0,0.0,0.0,0.0,1.0,0.0,1.0,0.0,0.0,0.0,0.0,0.0,1.0,1.0,1.0,0.0,0.0,0.0,1.0,1.0,1.0,1.0,1.0,1.0,1.0,0.0,0.0,1.0,1.0,1.0,1.0,1.0,1.0,0.0,1.0,1.0,0.0,1.0,0.0,0.0,0.0,1.0,0.0,0.0,7.0,7.0,1.0,1.0,1.0,0.0,0.0,0.0,0.0,1.0,1.0,1.0,0.0,1.0,1.0,1.0,1.0,1.0,0.0,0.0,0.0,0.0,1.0,3.0,1.0,0.0,1.0,17.0,1.0,16.0,1.0,1.0,30.0,1.0,0.0,1.0,0.0,2.0,0.0,0.0,1.0,1.0,2.0,,0.0,0.0,0.0,1.0,0.0,0.0,0.0,1.0,0.0,0.0,1.0,1.0,1.0,1.0,0.0,0.0,0.0,0.0,0.0,0.0,0.0,0.0,0.0,0.0,0.0,0.0,0.0,0.0,0.0,0.0,0.0,0.0
2017,23080728,JOSE NOGUEIRA MOTA EMEIFE,00001,1,06/02/2017,29/12/2017,2,2303,23016,23,2307650,230765005,3,2,,,,,,,,,,,1.0,1.0,1.0,0.0,0.0,0.0,0.0,0.0,0.0,0.0,,0.0,0.0,0.0,1.0,1.0,0.0,0.0,0.0,0.0,1.0,0.0,0.0,0.0,0.0,1.0,0.0,1.0,0.0,0.0,0.0,0.0,0.0,0.0,0.0,0.0,0.0,0.0,0.0,0.0,0.0,1.0,0.0,1.0,1.0,0.0,0.0,0.0,1.0,1.0,1.0,1.0,1.0,1.0,0.0,0.0,0.0,0.0,1.0,0.0,0.0,0.0,0.0,0.0,0.0,5.0,5.0,1.0,0.0,1.0,0.0,0.0,0.0,1.0,1.0,1.0,1.0,0.0,0.0,1.0,3.0,0.0,3.0,0.0,0.0,0.0,1.0,2.0,2.0,2.0,0.0,0.0,5.0,1.0,4.0,1.0,1.0,20.0,1.0,0.0,1.0,0.0,0.0,0.0,0.0,1.0,0.0,,,0.0,0.0,0.0,1.0,0.0,0.0,0.0,1.0,0.0,0.0,0.0,1.0,1.0,1.0,0.0,0.0,0.0,0.0,0.0,0.0,0.0,0.0,0.0,0.0,0.0,0.0,0.0,0.0,0.0,0.0,0.0,0.0
2017,23176857,CENTRO DE EJA DE MARACANAU-CEJAM,00001,1,06/02/2017,29/12/2017,2,2303,23016,23,2307650,230765005,3,1,,,,,,,,,,,1.0,1.0,2.0,0.0,0.0,0.0,0.0,0.0,0.0,0.0,,0.0,0.0,0.0,1.0,1.0,0.0,0.0,0.0,0.0,1.0,0.0,0.0,0.0,1.0,0.0,0.0,1.0,0.0,0.0,0.0,0.0,0.0,1.0,0.0,1.0,0.0,0.0,0.0,0.0,0.0,1.0,1.0,0.0,1.0,0.0,0.0,0.0,1.0,0.0,1.0,1.0,1.0,1.0,0.0,0.0,1.0,0.0,0.0,0.0,0.0,0.0,1.0,0.0,0.0,4.0,3.0,1.0,1.0,1.0,0.0,1.0,1.0,1.0,0.0,0.0,0.0,0.0,1.0,1.0,2.0,1.0,1.0,0.0,1.0,1.0,3.0,0.0,0.0,0.0,0.0,1.0,22.0,3.0,9.0,1.0,1.0,40.0,0.0,0.0,0.0,,0.0,0.0,0.0,1.0,0.0,,,0.0,0.0,0.0,0.0,1.0,0.0,0.0,0.0,1.0,0.0,0.0,0.0,0.0,0.0,0.0,0.0,0.0,0.0,0.0,0.0,0.0,0.0,0.0,0.0,1.0,1.0,0.0,0.0,0.0,0.0,0.0,0.0
2017,23461993,MARIA GLAUCIA MENEZES TEIXEIRA ALBUQUERQUE PROFª EMEIEF,00001,1,06/02/2017,04/01/2018,2,2303,23016,23,2307650,230765005,3,1,,,,,,,,,,,1.0,1.0,2.0,0.0,0.0,0.0,0.0,0.0,0.0,0.0,,0.0,0.0,0.0,1.0,1.0,0.0,0.0,0.0,0.0,1.0,0.0,0.0,0.0,1.0,0.0,0.0,1.0,0.0,0.0,0.0,0.0,0.0,1.0,0.0,0.0,0.0,0.0,0.0,0.0,0.0,1.0,0.0,1.0,1.0,0.0,0.0,0.0,1.0,1.0,0.0,1.0,1.0,1.0,0.0,1.0,1.0,0.0,0.0,1.0,0.0,0.0,0.0,0.0,0.0,8.0,7.0,1.0,0.0,1.0,0.0,0.0,0.0,1.0,0.0,1.0,0.0,0.0,0.0,1.0,2.0,0.0,2.0,0.0,0.0,0.0,1.0,0.0,2.0,0.0,0.0,0.0,1.0,1.0,0.0,0.0,0.0,24.0,1.0,0.0,0.0,0.0,0.0,0.0,0.0,1.0,0.0,,,0.0,0.0,0.0,1.0,0.0,0.0,0.0,1.0,0.0,0.0,0.0,1.0,1.0,0.0,0.0,0.0,0.0,0.0,0.0,0.0,0.0,0.0,0.0,0.0,0.0,0.0,0.0,0.0,0.0,0.0,0.0,0.0
2017,23080663,JOSE BELISARIO DE SOUSA EMEF,00001,1,06/02/2017,29/12/2017,2,2303,23016,23,2307650,230765005,3,1,,,,,,,,,,,1.0,1.0,1.0,0.0,0.0,0.0,0.0,0.0,0.0,0.0,,0.0,0.0,0.0,1.0,1.0,0.0,0.0,0.0,0.0,1.0,0.0,0.0,0.0,1.0,0.0,0.0,1.0,0.0,0.0,0.0,0.0,0.0,1.0,1.0,1.0,0.0,0.0,0.0,0.0,0.0,1.0,0.0,1.0,1.0,0.0,0.0,0.0,1.0,0.0,1.0,1.0,1.0,1.0,0.0,1.0,1.0,0.0,1.0,1.0,0.0,0.0,0.0,0.0,0.0,5.0,5.0,1.0,0.0,1.0,0.0,0.0,0.0,1.0,1.0,1.0,1.0,0.0,0.0,1.0,3.0,0.0,2.0,0.0,0.0,0.0,2.0,1.0,6.0,1.0,0.0,0.0,6.0,3.0,3.0,1.0,1.0,35.0,1.0,0.0,1.0,0.0,0.0,0.0,0.0,1.0,0.0,,,0.0,0.0,0.0,1.0,0.0,0.0,0.0,1.0,0.0,0.0,0.0,0.0,1.0,0.0,0.0,0.0,0.0,0.0,0.0,0.0,0.0,0.0,0.0,0.0,0.0,0.0,0.0,0.0,0.0,0.0,0.0,0.0
2017,23270977,CEZARINA DE OLIVEIRA GOMES PROFª EMEIEF,00001,1,06/02/2017,05/01/2018,2,2303,23016,23,2307650,230765005,3,1,,,,,,,,,,,2.0,1.0,2.0,0.0,0.0,0.0,0.0,0.0,0.0,0.0,,0.0,0.0,0.0,1.0,1.0,0.0,0.0,0.0,0.0,1.0,0.0,0.0,0.0,0.0,1.0,0.0,1.0,0.0,0.0,0.0,0.0,0.0,1.0,0.0,0.0,0.0,0.0,0.0,0.0,0.0,1.0,0.0,0.0,0.0,1.0,0.0,1.0,1.0,0.0,0.0,0.0,1.0,1.0,0.0,0.0,0.0,0.0,0.0,0.0,0.0,0.0,1.0,0.0,0.0,7.0,7.0,1.0,1.0,1.0,0.0,1.0,0.0,1.0,0.0,1.0,1.0,0.0,1.0,1.0,5.0,1.0,5.0,0.0,1.0,0.0,1.0,0.0,6.0,1.0,0.0,2.0,3.0,3.0,0.0,1.0,0.0,22.0,1.0,0.0,1.0,0.0,0.0,0.0,0.0,1.0,0.0,,,0.0,0.0,0.0,1.0,0.0,0.0,0.0,1.0,0.0,0.0,0.0,1.0,1.0,0.0,0.0,0.0,0.0,0.0,0.0,0.0,0.0,0.0,0.0,0.0,0.0,0.0,0.0,0.0,0.0,0.0,0.0,0.0
2017,23177640,APRENDER PENSANDO EMEF,00001,1,06/02/2017,05/01/2018,2,2303,23016,23,2307650,230765030,3,1,,,,,,,,,,,1.0,1.0,1.0,0.0,0.0,0.0,0.0,0.0,0.0,0.0,,0.0,0.0,0.0,1.0,1.0,0.0,0.0,0.0,0.0,1.0,0.0,0.0,0.0,1.0,0.0,0.0,1.0,0.0,0.0,0.0,0.0,0.0,1.0,1.0,1.0,0.0,0.0,0.0,1.0,1.0,1.0,1.0,0.0,1.0,0.0,0.0,0.0,1.0,0.0,1.0,1.0,1.0,1.0,0.0,1.0,1.0,0.0,1.0,0.0,0.0,0.0,0.0,0.0,0.0,6.0,6.0,1.0,0.0,1.0,0.0,1.0,1.0,1.0,1.0,1.0,1.0,0.0,1.0,1.0,2.0,0.0,5.0,0.0,1.0,1.0,1.0,1.0,5.0,1.0,0.0,2.0,17.0,4.0,12.0,1.0,1.0,40.0,1.0,1.0,1.0,1.0,0.0,0.0,0.0,1.0,0.0,,,0.0,0.0,0.0,1.0,0.0,0.0,0.0,1.0,1.0,0.0,0.0,0.0,1.0,0.0,0.0,0.0,0.0,0.0,0.0,0.0,0.0,0.0,0.0,0.0,1.0,0.0,0.0,0.0,0.0,0.0,0.0,0.0
2017,23242671,EDSON QUEIROZ EMEF,00001,1,06/02/2017,29/12/2017,2,2303,23016,23,2307650,230765005,3,1,,,,,,,,,,,1.0,1.0,3.0,0.0,0.0,0.0,0.0,0.0,0.0,0.0,,0.0,0.0,0.0,1.0,1.0,0.0,0.0,0.0,0.0,1.0,0.0,0.0,0.0,1.0,0.0,0.0,1.0,0.0,0.0,0.0,0.0,0.0,1.0,1.0,0.0,0.0,1.0,0.0,1.0,1.0,1.0,0.0,1.0,1.0,0.0,0.0,0.0,1.0,0.0,1.0,1.0,1.0,1.0,0.0,1.0,1.0,0.0,1.0,0.0,0.0,0.0,1.0,0.0,0.0,8.0,8.0,1.0,0.0,0.0,1.0,0.0,0.0,1.0,1.0,1.0,1.0,0.0,0.0,1.0,2.0,0.0,0.0,1.0,0.0,0.0,1.0,5.0,2.0,1.0,0.0,0.0,5.0,1.0,0.0,1.0,1.0,46.0,1.0,1.0,1.0,0.0,0.0,0.0,0.0,1.0,0.0,,,0.0,0.0,0.0,1.0,0.0,0.0,0.0,1.0,0.0,0.0,0.0,0.0,1.0,1.0,0.0,0.0,0.0,0.0,0.0,0.0,0.0,0.0,0.0,0.0,0.0,0.0,0.0,0.0,0.0,0.0,0.0,0.0
2017,23080957,MANOEL ROSEO LANDIM EMEF,00001,1,07/02/2017,29/12/2017,2,2303,23016,23,2307650,230765005,3,1,,,,,,,,,,,1.0,1.0,1.0,0.0,0.0,0.0,0.0,0.0,0.0,0.0,,0.0,0.0,0.0,1.0,1.0,0.0,0.0,0.0,0.0,1.0,0.0,0.0,0.0,0.0,1.0,0.0,1.0,0.0,0.0,0.0,0.0,0.0,1.0,1.0,1.0,0.0,1.0,1.0,0.0,1.0,1.0,0.0,0.0,0.0,1.0,0.0,0.0,1.0,1.0,1.0,1.0,1.0,1.0,0.0,1.0,0.0,0.0,1.0,0.0,0.0,0.0,1.0,0.0,0.0,10.0,10.0,1.0,1.0,1.0,0.0,1.0,1.0,1.0,1.0,1.0,1.0,0.0,1.0,1.0,1.0,1.0,3.0,0.0,1.0,1.0,1.0,2.0,1.0,16.0,0.0,1.0,60.0,1.0,11.0,1.0,1.0,42.0,1.0,1.0,1.0,0.0,0.0,0.0,0.0,1.0,0.0,,,0.0,1.0,0.0,1.0,0.0,0.0,0.0,1.0,0.0,0.0,0.0,0.0,1.0,1.0,0.0,0.0,0.0,0.0,0.0,0.0,0.0,0.0,0.0,0.0,0.0,0.0,0.0,0.0,0.0,0.0,0.0,0.0
2017,23270969,NORMA CELIA PINHEIRO CRISPIM PROFª EMEIEF,00001,1,06/02/2017,11/01/2018,2,2303,23016,23,2307650,230765005,3,1,,,,,,,,,,,1.0,1.0,2.0,0.0,0.0,0.0,0.0,0.0,0.0,0.0,,0.0,0.0,0.0,1.0,1.0,0.0,0.0,0.0,0.0,1.0,0.0,0.0,0.0,0.0,1.0,0.0,1.0,0.0,0.0,0.0,0.0,0.0,1.0,1.0,1.0,0.0,0.0,0.0,0.0,0.0,1.0,0.0,0.0,0.0,0.0,0.0,0.0,1.0,1.0,1.0,1.0,1.0,1.0,1.0,1.0,1.0,0.0,0.0,0.0,0.0,0.0,1.0,0.0,0.0,12.0,12.0,1.0,1.0,1.0,0.0,1.0,1.0,1.0,0.0,1.0,1.0,0.0,0.0,1.0,1.0,1.0,1.0,0.0,2.0,2.0,1.0,0.0,4.0,1.0,0.0,0.0,13.0,3.0,10.0,1.0,1.0,51.0,1.0,0.0,1.0,0.0,0.0,0.0,0.0,1.0,0.0,,,0.0,1.0,0.0,1.0,0.0,0.0,0.0,1.0,0.0,0.0,0.0,1.0,1.0,0.0,0.0,0.0,0.0,0.0,0.0,0.0,0.0,0.0,0.0,0.0,0.0,0.0,0.0,0.0,0.0,0.0,0.0,0.0
2017,23270918,LUIS CARLOS PRESTES EMEIEF,00001,1,06/02/2017,29/12/2017,2,2303,23016,23,2307650,230765005,3,1,,,,,,,,,,,1.0,1.0,2.0,0.0,0.0,0.0,0.0,0.0,0.0,0.0,,0.0,0.0,0.0,1.0,1.0,0.0,0.0,0.0,0.0,1.0,0.0,0.0,0.0,0.0,1.0,0.0,1.0,0.0,0.0,0.0,0.0,0.0,1.0,1.0,0.0,0.0,0.0,0.0,0.0,0.0,1.0,0.0,0.0,0.0,1.0,0.0,0.0,1.0,1.0,1.0,1.0,0.0,1.0,0.0,0.0,1.0,0.0,0.0,1.0,0.0,0.0,0.0,0.0,0.0,5.0,5.0,1.0,0.0,1.0,0.0,1.0,0.0,1.0,0.0,1.0,1.0,0.0,1.0,1.0,1.0,0.0,2.0,0.0,1.0,0.0,2.0,0.0,3.0,1.0,0.0,1.0,21.0,2.0,19.0,1.0,1.0,20.0,1.0,0.0,0.0,0.0,0.0,0.0,0.0,1.0,0.0,,,0.0,0.0,0.0,1.0,0.0,0.0,0.0,1.0,0.0,0.0,0.0,1.0,1.0,0.0,0.0,0.0,0.0,0.0,0.0,0.0,0.0,0.0,0.0,0.0,0.0,0.0,0.0,0.0,0.0,0.0,0.0,0.0
2017,23270900,FRANCISCA FLORENCIA DA SILVA PROFª EMEIEF,00001,1,06/02/2017,05/01/2018,2,2303,23016,23,2307650,230765005,3,1,,,,,,,,,,,1.0,1.0,2.0,0.0,0.0,0.0,0.0,0.0,0.0,0.0,,0.0,0.0,0.0,1.0,1.0,0.0,0.0,0.0,0.0,1.0,0.0,0.0,0.0,1.0,0.0,0.0,1.0,0.0,0.0,0.0,0.0,0.0,1.0,1.0,1.0,0.0,0.0,0.0,0.0,0.0,1.0,0.0,0.0,0.0,0.0,0.0,0.0,1.0,1.0,1.0,0.0,0.0,1.0,0.0,1.0,0.0,0.0,0.0,0.0,0.0,0.0,0.0,0.0,0.0,11.0,11.0,1.0,0.0,1.0,0.0,1.0,0.0,1.0,0.0,1.0,1.0,0.0,0.0,1.0,2.0,0.0,3.0,0.0,1.0,0.0,3.0,0.0,3.0,1.0,0.0,0.0,16.0,5.0,11.0,1.0,1.0,40.0,1.0,0.0,1.0,0.0,0.0,0.0,0.0,1.0,0.0,,,0.0,0.0,0.0,1.0,0.0,0.0,0.0,1.0,0.0,0.0,1.0,1.0,1.0,0.0,0.0,0.0,0.0,0.0,0.0,0.0,0.0,0.0,0.0,0.0,0.0,0.0,0.0,0.0,0.0,0.0,0.0,0.0
2017,23080671,JOSE DE BORBA VASCONCELOS DR EMEF,00001,1,06/02/2017,29/12/2017,2,2303,23016,23,2307650,230765005,3,1,,,,,,,,,,,1.0,1.0,1.0,0.0,0.0,0.0,0.0,0.0,0.0,0.0,,0.0,0.0,0.0,1.0,1.0,0.0,0.0,0.0,0.0,1.0,0.0,0.0,0.0,1.0,1.0,0.0,1.0,0.0,0.0,0.0,0.0,0.0,1.0,1.0,1.0,0.0,0.0,1.0,0.0,1.0,1.0,1.0,0.0,1.0,0.0,0.0,0.0,1.0,0.0,1.0,1.0,1.0,1.0,1.0,1.0,0.0,0.0,1.0,0.0,0.0,0.0,1.0,0.0,0.0,11.0,8.0,1.0,0.0,1.0,0.0,1.0,0.0,1.0,1.0,1.0,1.0,0.0,1.0,1.0,4.0,0.0,10.0,0.0,1.0,0.0,1.0,2.0,22.0,3.0,0.0,6.0,22.0,4.0,18.0,1.0,1.0,49.0,1.0,0.0,0.0,0.0,0.0,0.0,0.0,1.0,0.0,,,0.0,0.0,0.0,1.0,0.0,0.0,0.0,1.0,0.0,0.0,0.0,0.0,0.0,1.0,0.0,0.0,0.0,0.0,0.0,0.0,0.0,0.0,0.0,0.0,0.0,0.0,0.0,0.0,0.0,0.0,0.0,0.0
2017,23197137,SINFRONIO PEIXOTO DE MORAIS EMEIEF,00001,1,06/02/2017,11/01/2018,2,2303,23016,23,2307650,230765030,3,1,,,,,,,,,,,1.0,1.0,1.0,0.0,0.0,0.0,0.0,0.0,0.0,0.0,,0.0,0.0,0.0,1.0,1.0,0.0,0.0,0.0,0.0,1.0,0.0,0.0,0.0,0.0,1.0,0.0,1.0,0.0,0.0,0.0,0.0,0.0,1.0,1.0,1.0,0.0,1.0,1.0,0.0,1.0,1.0,1.0,1.0,1.0,0.0,0.0,0.0,1.0,0.0,1.0,1.0,1.0,1.0,0.0,1.0,1.0,0.0,0.0,1.0,0.0,0.0,0.0,0.0,0.0,10.0,10.0,1.0,0.0,1.0,1.0,1.0,1.0,1.0,0.0,1.0,1.0,0.0,1.0,1.0,1.0,0.0,1.0,1.0,1.0,1.0,1.0,0.0,1.0,2.0,0.0,1.0,12.0,4.0,8.0,1.0,1.0,49.0,1.0,1.0,1.0,0.0,0.0,0.0,0.0,1.0,0.0,,,0.0,1.0,0.0,1.0,0.0,0.0,0.0,1.0,1.0,0.0,0.0,0.0,0.0,1.0,0.0,0.0,0.0,0.0,0.0,0.0,0.0,0.0,0.0,0.0,1.0,0.0,0.0,0.0,0.0,0.0,0.0,0.0
2017,23213140,Mª ROCHELLE DA SILVA EMEIEF,00001,1,06/02/2017,29/12/2017,2,2303,23016,23,2307650,230765005,3,1,,,,,,,,,,,1.0,1.0,2.0,0.0,0.0,0.0,0.0,0.0,0.0,0.0,,0.0,1.0,0.0,1.0,1.0,0.0,0.0,0.0,0.0,1.0,0.0,0.0,0.0,0.0,1.0,0.0,1.0,0.0,0.0,0.0,0.0,0.0,1.0,1.0,1.0,0.0,1.0,1.0,0.0,1.0,1.0,0.0,1.0,1.0,0.0,0.0,0.0,1.0,0.0,1.0,1.0,1.0,1.0,0.0,1.0,1.0,0.0,0.0,1.0,0.0,0.0,0.0,0.0,0.0,12.0,12.0,1.0,0.0,1.0,0.0,1.0,0.0,1.0,1.0,1.0,1.0,1.0,1.0,1.0,3.0,0.0,3.0,0.0,1.0,0.0,1.0,4.0,11.0,3.0,1.0,2.0,17.0,6.0,11.0,1.0,1.0,45.0,1.0,1.0,1.0,0.0,0.0,0.0,0.0,1.0,0.0,,,0.0,0.0,0.0,1.0,0.0,0.0,0.0,1.0,1.0,0.0,0.0,0.0,1.0,1.0,0.0,0.0,0.0,0.0,0.0,0.0,0.0,0.0,0.0,0.0,1.0,0.0,0.0,0.0,0.0,0.0,0.0,0.0
2017,23081716,ALMIR FREITAS DUTRA PREF EMEIEF,00001,1,06/02/2017,04/01/2018,2,2303,23016,23,2307650,230765030,3,1,,,,,,,,,,,1.0,1.0,1.0,0.0,0.0,0.0,0.0,0.0,0.0,0.0,,0.0,0.0,0.0,1.0,1.0,0.0,0.0,0.0,0.0,1.0,0.0,0.0,0.0,0.0,1.0,0.0,1.0,0.0,0.0,0.0,0.0,0.0,1.0,1.0,1.0,0.0,1.0,1.0,0.0,1.0,1.0,0.0,1.0,1.0,0.0,0.0,0.0,1.0,1.0,1.0,1.0,1.0,1.0,0.0,1.0,1.0,0.0,1.0,0.0,0.0,0.0,0.0,0.0,0.0,13.0,11.0,1.0,0.0,1.0,0.0,1.0,1.0,1.0,1.0,1.0,1.0,0.0,1.0,1.0,3.0,0.0,3.0,0.0,1.0,1.0,3.0,1.0,8.0,1.0,0.0,2.0,16.0,5.0,11.0,1.0,1.0,54.0,1.0,1.0,1.0,0.0,0.0,0.0,0.0,1.0,0.0,,,0.0,0.0,0.0,1.0,0.0,0.0,0.0,1.0,0.0,0.0,0.0,0.0,1.0,1.0,0.0,0.0,0.0,0.0,0.0,0.0,0.0,0.0,0.0,0.0,0.0,0.0,0.0,0.0,0.0,0.0,0.0,0.0
2017,23329815,PAULO FREIRE PROFº EMEIEF,00001,1,06/02/2017,05/01/2018,2,2303,23016,23,2307650,230765030,3,1,,,,,,,,,,,1.0,1.0,2.0,0.0,0.0,0.0,0.0,0.0,0.0,0.0,,0.0,0.0,0.0,1.0,1.0,0.0,0.0,0.0,0.0,1.0,0.0,0.0,0.0,0.0,1.0,0.0,1.0,0.0,0.0,0.0,0.0,0.0,1.0,1.0,1.0,0.0,0.0,0.0,0.0,0.0,1.0,0.0,0.0,0.0,1.0,0.0,1.0,1.0,1.0,1.0,1.0,1.0,1.0,0.0,1.0,1.0,0.0,0.0,1.0,0.0,0.0,1.0,0.0,0.0,26.0,22.0,0.0,0.0,0.0,0.0,1.0,0.0,0.0,1.0,1.0,1.0,0.0,1.0,1.0,0.0,0.0,0.0,0.0,1.0,0.0,0.0,2.0,3.0,1.0,0.0,2.0,20.0,2.0,18.0,1.0,1.0,41.0,1.0,0.0,1.0,0.0,0.0,0.0,0.0,1.0,0.0,,,0.0,0.0,0.0,1.0,0.0,0.0,0.0,1.0,0.0,0.0,0.0,1.0,1.0,0.0,0.0,0.0,0.0,0.0,0.0,0.0,0.0,0.0,0.0,0.0,0.0,0.0,0.0,0.0,0.0,0.0,0.0,0.0
2017,23197358,INTEGRANDO O SABER EMEIEF,00001,1,06/02/2017,04/01/2018,2,2303,23016,23,2307650,230765005,3,1,,,,,,,,,,,1.0,1.0,1.0,0.0,0.0,0.0,0.0,0.0,0.0,0.0,,0.0,0.0,0.0,1.0,1.0,0.0,0.0,0.0,0.0,1.0,0.0,0.0,0.0,0.0,1.0,0.0,1.0,0.0,0.0,0.0,0.0,0.0,1.0,1.0,0.0,0.0,0.0,0.0,0.0,0.0,1.0,0.0,0.0,0.0,0.0,0.0,0.0,1.0,1.0,0.0,1.0,0.0,1.0,0.0,0.0,0.0,0.0,1.0,1.0,0.0,0.0,0.0,0.0,0.0,6.0,6.0,1.0,0.0,1.0,0.0,0.0,0.0,1.0,0.0,1.0,1.0,0.0,1.0,1.0,5.0,0.0,3.0,0.0,0.0,0.0,4.0,0.0,12.0,1.0,0.0,1.0,23.0,2.0,0.0,1.0,1.0,23.0,1.0,0.0,1.0,0.0,0.0,0.0,0.0,1.0,0.0,,,0.0,0.0,0.0,1.0,0.0,0.0,0.0,1.0,0.0,0.0,0.0,1.0,1.0,0.0,0.0,0.0,0.0,0.0,0.0,0.0,0.0,0.0,0.0,0.0,0.0,0.0,0.0,0.0,0.0,0.0,0.0,0.0
2017,23080299,FRANCISCO ANTONIO FONTENELE EMEIEF,00001,1,06/02/2017,05/01/2018,2,2303,23016,23,2307650,230765005,3,1,,,,,,,,,,,1.0,1.0,1.0,0.0,0.0,0.0,0.0,0.0,0.0,0.0,,0.0,0.0,0.0,1.0,1.0,0.0,0.0,0.0,0.0,1.0,0.0,0.0,0.0,0.0,1.0,0.0,1.0,0.0,0.0,0.0,0.0,0.0,1.0,1.0,0.0,0.0,1.0,1.0,0.0,1.0,1.0,0.0,0.0,0.0,0.0,0.0,0.0,1.0,0.0,1.0,1.0,1.0,1.0,0.0,1.0,1.0,0.0,1.0,1.0,0.0,0.0,0.0,0.0,0.0,11.0,11.0,1.0,0.0,1.0,0.0,1.0,1.0,1.0,1.0,1.0,1.0,0.0,1.0,1.0,3.0,0.0,3.0,0.0,1.0,2.0,4.0,1.0,13.0,2.0,0.0,2.0,13.0,5.0,0.0,1.0,1.0,41.0,1.0,1.0,1.0,0.0,0.0,0.0,0.0,1.0,0.0,,,0.0,1.0,0.0,1.0,0.0,0.0,0.0,1.0,0.0,0.0,0.0,1.0,1.0,1.0,0.0,0.0,0.0,0.0,0.0,0.0,0.0,0.0,0.0,0.0,0.0,0.0,0.0,0.0,0.0,0.0,0.0,0.0
2017,23081490,RUI BARBOSA EMEF,00001,1,02/02/2017,04/01/2018,2,2303,23016,23,2307650,230765005,3,1,,,,,,,,,,,1.0,1.0,1.0,0.0,0.0,0.0,0.0,0.0,0.0,0.0,,0.0,0.0,0.0,1.0,1.0,0.0,0.0,0.0,0.0,1.0,0.0,0.0,0.0,0.0,1.0,0.0,1.0,0.0,0.0,0.0,0.0,0.0,1.0,1.0,0.0,0.0,1.0,0.0,1.0,1.0,1.0,0.0,1.0,1.0,0.0,0.0,0.0,1.0,0.0,1.0,1.0,1.0,1.0,0.0,1.0,1.0,0.0,1.0,0.0,0.0,0.0,1.0,0.0,0.0,12.0,12.0,1.0,1.0,1.0,1.0,1.0,1.0,1.0,1.0,1.0,1.0,0.0,1.0,1.0,2.0,1.0,3.0,1.0,1.0,1.0,2.0,2.0,10.0,2.0,0.0,1.0,10.0,3.0,7.0,1.0,1.0,62.0,1.0,1.0,1.0,0.0,0.0,0.0,0.0,1.0,0.0,,,0.0,1.0,0.0,1.0,0.0,0.0,0.0,1.0,1.0,0.0,0.0,0.0,1.0,1.0,0.0,0.0,0.0,0.0,0.0,0.0,0.0,0.0,0.0,0.0,1.0,0.0,0.0,0.0,0.0,0.0,0.0,0.0
2017,23080167,EDWIRGES SANTA EMEIEF,00001,1,06/02/2017,11/01/2018,2,2303,23016,23,2307650,230765005,3,1,,,,,,,,,,,1.0,1.0,1.0,0.0,0.0,0.0,0.0,0.0,0.0,0.0,,0.0,0.0,0.0,1.0,1.0,0.0,0.0,0.0,0.0,1.0,0.0,0.0,0.0,0.0,1.0,0.0,1.0,0.0,0.0,0.0,0.0,0.0,0.0,0.0,0.0,0.0,0.0,0.0,0.0,0.0,1.0,0.0,1.0,1.0,1.0,0.0,0.0,1.0,0.0,1.0,1.0,1.0,1.0,0.0,0.0,1.0,0.0,1.0,0.0,0.0,0.0,0.0,0.0,0.0,6.0,6.0,1.0,0.0,1.0,0.0,1.0,0.0,1.0,0.0,1.0,1.0,0.0,1.0,1.0,2.0,0.0,2.0,0.0,1.0,0.0,1.0,0.0,5.0,2.0,0.0,3.0,3.0,1.0,0.0,0.0,0.0,28.0,1.0,0.0,1.0,0.0,0.0,0.0,0.0,1.0,0.0,,,0.0,0.0,0.0,1.0,0.0,0.0,0.0,1.0,0.0,0.0,0.0,1.0,1.0,1.0,0.0,0.0,0.0,0.0,0.0,0.0,0.0,0.0,0.0,0.0,0.0,0.0,0.0,0.0,0.0,0.0,0.0,0.0
2017,23197145,JOSE MARTINS RODRIGUES DEPUTADO EMEIEF,00001,1,06/02/2017,29/12/2017,2,2303,23016,23,2307650,230765005,3,1,,,,,,,,,,,1.0,1.0,1.0,0.0,0.0,0.0,0.0,0.0,0.0,0.0,,0.0,0.0,0.0,1.0,1.0,0.0,0.0,0.0,0.0,1.0,0.0,0.0,0.0,1.0,0.0,0.0,1.0,0.0,0.0,0.0,0.0,0.0,1.0,1.0,1.0,0.0,1.0,1.0,0.0,1.0,1.0,0.0,1.0,1.0,0.0,0.0,0.0,1.0,1.0,1.0,1.0,1.0,1.0,0.0,1.0,1.0,0.0,1.0,1.0,0.0,0.0,0.0,0.0,0.0,18.0,14.0,1.0,0.0,1.0,0.0,1.0,0.0,1.0,1.0,1.0,1.0,0.0,1.0,1.0,2.0,0.0,2.0,0.0,1.0,0.0,4.0,1.0,6.0,2.0,0.0,2.0,17.0,6.0,11.0,1.0,1.0,84.0,1.0,1.0,1.0,0.0,0.0,0.0,0.0,1.0,0.0,,,0.0,1.0,0.0,1.0,0.0,0.0,0.0,1.0,1.0,0.0,0.0,0.0,1.0,1.0,0.0,0.0,0.0,0.0,0.0,0.0,0.0,0.0,0.0,0.0,1.0,0.0,0.0,0.0,0.0,0.0,0.0,0.0
2017,23270926,ADELIA SANTOS DE SOUSA PROFª EMEIEF,00001,1,06/02/2017,05/01/2018,2,2303,23016,23,2307650,230765005,3,1,,,,,,,,,,,1.0,1.0,2.0,0.0,0.0,0.0,0.0,0.0,0.0,0.0,,0.0,0.0,0.0,1.0,1.0,0.0,0.0,0.0,0.0,1.0,0.0,0.0,0.0,1.0,0.0,0.0,1.0,0.0,0.0,0.0,0.0,0.0,1.0,1.0,0.0,0.0,0.0,1.0,0.0,1.0,1.0,0.0,0.0,0.0,0.0,0.0,0.0,1.0,1.0,1.0,1.0,1.0,1.0,0.0,0.0,0.0,0.0,0.0,1.0,0.0,0.0,1.0,0.0,0.0,8.0,8.0,1.0,0.0,1.0,0.0,1.0,0.0,1.0,1.0,1.0,1.0,1.0,1.0,1.0,5.0,0.0,4.0,0.0,2.0,0.0,1.0,1.0,11.0,2.0,1.0,1.0,3.0,1.0,0.0,0.0,0.0,33.0,1.0,0.0,0.0,0.0,0.0,0.0,0.0,1.0,0.0,,,0.0,0.0,0.0,1.0,0.0,0.0,0.0,1.0,0.0,0.0,0.0,1.0,0.0,0.0,0.0,0.0,0.0,0.0,0.0,0.0,0.0,0.0,0.0,0.0,0.0,0.0,0.0,0.0,0.0,0.0,0.0,0.0
2017,23232692,TERESA DE CALCUTA MADRE EMEF,00001,1,06/02/2017,29/12/2017,2,2303,23016,23,2307650,230765005,3,1,,,,,,,,,,,1.0,1.0,2.0,0.0,0.0,0.0,0.0,0.0,0.0,0.0,,0.0,0.0,0.0,1.0,1.0,0.0,0.0,0.0,0.0,1.0,0.0,0.0,0.0,1.0,0.0,0.0,1.0,0.0,0.0,0.0,0.0,0.0,1.0,1.0,1.0,0.0,1.0,0.0,0.0,0.0,1.0,0.0,1.0,1.0,0.0,0.0,0.0,1.0,0.0,1.0,1.0,1.0,1.0,0.0,0.0,1.0,0.0,1.0,1.0,0.0,0.0,0.0,0.0,0.0,7.0,7.0,1.0,0.0,1.0,0.0,0.0,1.0,1.0,1.0,1.0,1.0,0.0,1.0,1.0,1.0,0.0,1.0,0.0,0.0,1.0,5.0,2.0,11.0,2.0,0.0,2.0,5.0,4.0,1.0,1.0,1.0,30.0,1.0,1.0,1.0,0.0,0.0,0.0,0.0,1.0,0.0,,,0.0,0.0,0.0,1.0,0.0,0.0,0.0,1.0,0.0,0.0,0.0,0.0,1.0,0.0,0.0,0.0,0.0,0.0,0.0,0.0,0.0,0.0,0.0,0.0,0.0,0.0,0.0,0.0,0.0,0.0,0.0,0.0
2017,23081180,NAPOLEAO BONAPARTE VIANA EMEIEF,00001,1,06/02/2017,11/01/2018,2,2303,23016,23,2307650,230765005,3,1,,,,,,,,,,,1.0,1.0,1.0,0.0,0.0,0.0,0.0,0.0,0.0,0.0,,0.0,0.0,0.0,1.0,1.0,0.0,0.0,0.0,0.0,1.0,0.0,0.0,0.0,0.0,1.0,0.0,1.0,0.0,0.0,0.0,0.0,0.0,1.0,1.0,1.0,0.0,1.0,1.0,0.0,1.0,1.0,0.0,1.0,1.0,1.0,0.0,0.0,1.0,1.0,1.0,1.0,1.0,1.0,0.0,1.0,1.0,0.0,1.0,1.0,0.0,0.0,0.0,0.0,0.0,18.0,18.0,1.0,0.0,0.0,0.0,1.0,0.0,0.0,1.0,1.0,1.0,0.0,1.0,1.0,3.0,0.0,0.0,0.0,1.0,0.0,0.0,6.0,10.0,2.0,0.0,2.0,9.0,6.0,3.0,1.0,1.0,81.0,1.0,1.0,1.0,0.0,0.0,0.0,0.0,1.0,0.0,,,0.0,0.0,0.0,1.0,0.0,0.0,0.0,1.0,1.0,0.0,1.0,1.0,1.0,1.0,0.0,0.0,0.0,0.0,0.0,0.0,0.0,0.0,0.0,0.0,1.0,0.0,0.0,0.0,0.0,0.0,0.0,0.0
2017,23079835,CARLOS JEREISSATI SEN EMEIEF,00001,1,06/02/2017,29/12/2017,2,2303,23016,23,2307650,230765005,3,1,,,,,,,,,,,1.0,1.0,1.0,0.0,0.0,0.0,0.0,0.0,0.0,0.0,,0.0,1.0,0.0,1.0,1.0,0.0,0.0,0.0,0.0,1.0,0.0,0.0,0.0,1.0,0.0,0.0,1.0,0.0,0.0,0.0,0.0,0.0,1.0,1.0,0.0,0.0,1.0,1.0,0.0,1.0,1.0,0.0,1.0,1.0,0.0,0.0,0.0,1.0,1.0,1.0,1.0,1.0,1.0,0.0,1.0,1.0,0.0,1.0,0.0,0.0,0.0,0.0,0.0,0.0,16.0,15.0,1.0,0.0,1.0,0.0,1.0,0.0,0.0,1.0,1.0,1.0,0.0,1.0,1.0,4.0,0.0,5.0,0.0,1.0,0.0,0.0,3.0,4.0,2.0,0.0,1.0,4.0,2.0,2.0,1.0,1.0,113.0,1.0,1.0,1.0,0.0,0.0,0.0,0.0,1.0,0.0,,,0.0,1.0,0.0,1.0,0.0,0.0,0.0,1.0,1.0,1.0,1.0,1.0,1.0,1.0,0.0,0.0,0.0,0.0,0.0,0.0,0.0,0.0,0.0,0.0,0.0,1.0,1.0,0.0,0.0,0.0,0.0,0.0
